dataset,index,layer,learning_rate,token_length,match,inversion_time,timesteps,times
0000_wikipedia_tokenized.json,0,1,1.0,20,True,6.691531419754028,20_6_59_12_22_5_5_6_5_5_9_6_17_15_5_4_5_5_9_7,0.44_0.09_0.97_0.20_0.37_0.08_0.08_0.11_0.08_0.08_0.16_0.10_0.30_0.25_0.09_0.07_0.09_0.09_0.15_0.12
0000_wikipedia_tokenized.json,1,1,1.0,20,True,5.3608222007751465,20_5_5_5_10_5_6_6_5_5_12_8_7_13_7_6_14_4_7_6,0.30_0.09_0.09_0.08_0.17_0.08_0.10_0.11_0.09_0.09_0.21_0.13_0.12_0.22_0.12_0.11_0.23_0.07_0.12_0.10
0000_wikipedia_tokenized.json,2,1,1.0,20,True,5.880957126617432,26_8_5_7_26_11_7_13_5_8_6_6_3_9_6_11_17_5_6_8,0.40_0.14_0.08_0.11_0.43_0.18_0.12_0.21_0.09_0.13_0.10_0.11_0.05_0.15_0.11_0.19_0.30_0.08_0.11_0.13
0000_wikipedia_tokenized.json,3,1,1.0,20,True,6.325685977935791,24_7_18_6_5_7_5_12_5_6_8_7_6_4_66_6_8_6_4_9,0.38_0.12_0.31_0.10_0.08_0.12_0.08_0.20_0.08_0.10_0.14_0.11_0.10_0.07_1.09_0.11_0.13_0.10_0.07_0.15
0000_wikipedia_tokenized.json,4,1,1.0,20,True,6.3250463008880615,40_25_8_8_7_5_5_13_6_9_19_7_12_6_7_8_16_6_5_6,0.61_0.40_0.14_0.13_0.11_0.09_0.08_0.22_0.10_0.15_0.32_0.11_0.21_0.10_0.12_0.13_0.26_0.10_0.08_0.11
0000_wikipedia_tokenized.json,5,1,1.0,20,True,6.033010005950928,26_10_4_21_3_6_5_18_7_12_5_15_6_15_7_14_6_5_7_7,0.39_0.16_0.07_0.36_0.05_0.11_0.09_0.29_0.12_0.20_0.09_0.24_0.11_0.25_0.12_0.23_0.10_0.09_0.11_0.11
0000_wikipedia_tokenized.json,6,1,1.0,20,True,5.552634000778198,15_6_21_6_5_7_9_12_5_5_10_9_4_6_6_21_5_5_8_6,0.22_0.10_0.34_0.11_0.09_0.12_0.15_0.19_0.08_0.09_0.16_0.16_0.07_0.10_0.11_0.34_0.09_0.09_0.13_0.11
0000_wikipedia_tokenized.json,7,1,1.0,20,True,6.387669086456299,16_5_6_22_10_6_11_8_14_10_5_6_3_5_13_5_9_6_8_52,0.24_0.09_0.09_0.37_0.16_0.10_0.18_0.13_0.24_0.17_0.09_0.10_0.05_0.09_0.21_0.08_0.15_0.10_0.14_0.85
0000_wikipedia_tokenized.json,8,1,1.0,20,True,6.002719163894653,30_5_25_8_8_7_7_6_5_13_11_6_5_4_9_7_6_16_8_9,0.47_0.08_0.41_0.15_0.12_0.11_0.12_0.10_0.08_0.22_0.18_0.11_0.08_0.07_0.16_0.13_0.10_0.26_0.14_0.15
0001_wikipedia_tokenized.json,0,1,1.0,40,True,12.764207601547241,24_8_14_18_3_5_21_18_9_5_6_55_10_6_6_7_24_5_8_8_9_4_5_5_11_4_17_28_7_5_5_4_5_7_5_12_6_5_11_11,0.38_0.13_0.23_0.30_0.05_0.08_0.36_0.30_0.15_0.09_0.11_0.91_0.17_0.10_0.10_0.13_0.39_0.09_0.13_0.13_0.15_0.07_0.09_0.09_0.18_0.07_0.28_0.47_0.12_0.09_0.09_0.07_0.09_0.12_0.09_0.20_0.10_0.09_0.18_0.19
0001_wikipedia_tokenized.json,1,1,1.0,40,True,12.011749982833862,32_8_5_14_8_9_6_8_5_5_10_5_8_6_6_5_17_7_8_9_8_9_8_4_5_4_5_10_11_4_11_12_5_8_4_7_51_4_10_19,0.50_0.13_0.09_0.23_0.14_0.15_0.10_0.15_0.08_0.09_0.18_0.08_0.13_0.11_0.10_0.09_0.28_0.12_0.14_0.15_0.14_0.15_0.14_0.07_0.09_0.07_0.09_0.17_0.20_0.07_0.19_0.20_0.09_0.15_0.07_0.12_0.85_0.07_0.17_0.31
0001_wikipedia_tokenized.json,2,1,1.0,40,True,11.331981658935547,18_10_10_6_6_5_5_9_9_11_6_6_8_5_9_5_8_4_8_5_9_5_5_5_7_6_5_8_6_6_11_5_7_6_5_5_9_8_9_59,0.28_0.17_0.16_0.10_0.11_0.08_0.08_0.16_0.15_0.20_0.11_0.10_0.14_0.09_0.15_0.09_0.13_0.08_0.13_0.09_0.16_0.08_0.09_0.10_0.11_0.10_0.09_0.13_0.10_0.11_0.18_0.09_0.12_0.10_0.09_0.08_0.15_0.14_0.15_1.00
0001_wikipedia_tokenized.json,3,1,1.0,40,True,12.33867073059082,23_5_9_4_5_8_6_7_43_10_8_13_5_12_9_6_6_5_13_7_44_7_10_6_12_7_6_6_4_5_7_5_5_4_35_7_5_7_7_5,0.37_0.08_0.16_0.07_0.09_0.14_0.09_0.12_0.72_0.16_0.13_0.22_0.09_0.21_0.15_0.11_0.11_0.09_0.23_0.12_0.73_0.12_0.17_0.10_0.20_0.12_0.11_0.10_0.07_0.09_0.11_0.08_0.09_0.07_0.58_0.12_0.09_0.12_0.12_0.09
0001_wikipedia_tokenized.json,4,1,1.0,40,True,11.697138547897339,20_9_5_20_13_10_8_7_5_6_10_7_6_15_8_11_15_4_8_10_6_11_4_11_7_15_6_5_12_5_7_5_3_10_7_10_6_12_6_14,0.32_0.14_0.09_0.32_0.23_0.17_0.14_0.12_0.09_0.11_0.16_0.12_0.10_0.25_0.14_0.19_0.26_0.07_0.14_0.17_0.10_0.20_0.07_0.19_0.12_0.25_0.11_0.09_0.21_0.08_0.12_0.09_0.05_0.17_0.12_0.17_0.11_0.20_0.10_0.24
0001_wikipedia_tokenized.json,5,1,1.0,40,True,12.243820428848267,34_4_10_5_3_11_6_23_5_11_5_4_6_13_8_9_6_13_6_12_6_5_4_4_9_5_16_13_7_4_57_5_7_7_6_6_8_14_6_8,0.53_0.07_0.16_0.08_0.05_0.18_0.10_0.37_0.09_0.18_0.08_0.07_0.09_0.22_0.14_0.15_0.11_0.21_0.10_0.20_0.10_0.09_0.07_0.07_0.16_0.08_0.28_0.21_0.12_0.07_0.96_0.09_0.12_0.12_0.11_0.10_0.14_0.23_0.10_0.14
0001_wikipedia_tokenized.json,6,1,1.0,40,True,11.664387226104736,21_10_9_15_6_4_12_6_9_10_13_5_7_9_6_10_9_5_10_13_22_7_8_8_12_6_7_7_11_5_5_16_5_8_5_5_14_7_7_9,0.34_0.17_0.15_0.25_0.11_0.06_0.20_0.11_0.15_0.18_0.21_0.09_0.12_0.15_0.11_0.16_0.15_0.09_0.17_0.23_0.36_0.12_0.13_0.14_0.19_0.10_0.12_0.12_0.20_0.08_0.09_0.27_0.09_0.14_0.08_0.09_0.24_0.12_0.13_0.15
0001_wikipedia_tokenized.json,7,1,1.0,40,True,14.047882318496704,18_7_6_9_5_11_9_6_15_11_5_4_18_5_16_10_58_5_6_58_22_14_8_5_6_6_5_4_4_5_8_4_6_6_9_53_41_5_11_6,0.28_0.12_0.11_0.14_0.08_0.19_0.15_0.11_0.24_0.20_0.08_0.07_0.32_0.09_0.28_0.17_0.97_0.08_0.10_0.95_0.37_0.23_0.14_0.08_0.10_0.11_0.08_0.07_0.07_0.08_0.13_0.07_0.10_0.10_0.16_0.87_0.67_0.09_0.18_0.11
0001_wikipedia_tokenized.json,8,1,1.0,40,True,12.645041465759277,26_6_8_41_4_6_10_34_5_6_5_42_6_6_5_19_21_5_5_8_6_7_21_8_7_6_5_7_6_4_16_6_5_10_8_8_12_5_7_7,0.41_0.10_0.13_0.67_0.06_0.10_0.17_0.57_0.08_0.10_0.09_0.70_0.10_0.11_0.08_0.32_0.34_0.09_0.08_0.13_0.11_0.12_0.36_0.13_0.12_0.10_0.09_0.13_0.10_0.07_0.28_0.10_0.09_0.17_0.13_0.15_0.19_0.09_0.12_0.12
0002_wikipedia_tokenized.json,0,1,1.0,60,True,19.74333620071411,24_22_7_5_9_6_6_22_5_5_9_36_32_5_11_7_66_8_5_5_18_6_6_5_5_16_9_6_8_5_44_6_5_6_4_21_5_6_7_5_13_25_6_4_4_6_16_7_5_15_4_6_13_5_6_19_13_6_15_6,0.37_0.35_0.12_0.08_0.15_0.10_0.10_0.37_0.08_0.08_0.15_0.61_0.54_0.08_0.19_0.11_1.10_0.13_0.09_0.09_0.29_0.11_0.10_0.09_0.09_0.27_0.16_0.10_0.14_0.09_0.73_0.10_0.09_0.10_0.07_0.35_0.09_0.11_0.12_0.09_0.21_0.43_0.10_0.07_0.07_0.10_0.28_0.12_0.09_0.26_0.07_0.11_0.21_0.09_0.11_0.32_0.22_0.11_0.26_0.11
0002_wikipedia_tokenized.json,1,1,1.0,60,True,17.10805106163025,32_8_12_7_4_5_6_11_9_6_20_8_14_6_6_5_6_9_4_8_7_4_4_9_12_7_8_7_4_6_5_6_4_7_7_9_6_13_14_5_6_5_7_32_4_21_13_5_5_8_8_7_11_5_14_5_5_12_7_6,0.51_0.13_0.21_0.11_0.07_0.09_0.09_0.18_0.15_0.10_0.35_0.14_0.25_0.10_0.10_0.09_0.10_0.16_0.07_0.14_0.13_0.07_0.07_0.16_0.19_0.12_0.14_0.12_0.08_0.10_0.09_0.11_0.07_0.12_0.13_0.15_0.10_0.23_0.23_0.09_0.10_0.08_0.13_0.54_0.07_0.37_0.22_0.09_0.08_0.14_0.14_0.12_0.20_0.08_0.24_0.09_0.09_0.22_0.12_0.11
0002_wikipedia_tokenized.json,2,1,1.0,60,True,16.90333366394043,18_8_6_10_8_5_7_8_10_6_6_5_6_11_31_9_6_11_5_9_9_5_5_5_5_10_10_6_4_5_9_4_8_6_6_11_8_7_7_5_4_8_8_5_16_7_5_7_5_10_5_37_7_10_11_5_5_6_10_6,0.29_0.13_0.10_0.18_0.13_0.08_0.12_0.13_0.18_0.10_0.10_0.09_0.10_0.19_0.52_0.15_0.10_0.20_0.08_0.15_0.15_0.08_0.08_0.09_0.08_0.17_0.16_0.10_0.07_0.08_0.16_0.08_0.14_0.10_0.11_0.19_0.14_0.12_0.12_0.09_0.07_0.14_0.14_0.09_0.28_0.12_0.09_0.12_0.09_0.18_0.08_0.63_0.12_0.18_0.19_0.09_0.09_0.11_0.18_0.11
0002_wikipedia_tokenized.json,3,1,1.0,60,True,17.040966510772705,17_5_9_7_17_7_9_6_8_19_5_6_6_11_14_9_6_12_6_13_6_8_4_5_9_6_7_6_8_8_10_5_11_7_6_6_4_5_6_5_5_8_7_37_7_7_10_7_6_5_5_6_5_29_6_8_8_7_5_6,0.26_0.09_0.14_0.11_0.28_0.12_0.16_0.10_0.14_0.32_0.09_0.11_0.10_0.20_0.23_0.16_0.10_0.20_0.11_0.22_0.11_0.13_0.07_0.09_0.15_0.10_0.12_0.10_0.14_0.13_0.16_0.09_0.18_0.13_0.10_0.10_0.08_0.09_0.11_0.09_0.09_0.14_0.13_0.62_0.12_0.12_0.17_0.12_0.11_0.09_0.09_0.11_0.09_0.50_0.11_0.15_0.13_0.12_0.09_0.11
0002_wikipedia_tokenized.json,4,1,1.0,60,True,19.70764398574829,22_10_9_5_4_13_4_47_33_8_13_6_5_5_19_7_13_15_8_13_7_9_7_7_6_4_5_9_7_31_6_8_7_7_7_8_4_61_12_12_4_5_6_12_8_13_9_6_8_11_4_34_8_8_4_9_7_4_10_15,0.34_0.17_0.15_0.09_0.07_0.22_0.07_0.78_0.56_0.13_0.23_0.10_0.09_0.09_0.31_0.13_0.21_0.25_0.14_0.23_0.12_0.16_0.11_0.12_0.11_0.07_0.09_0.16_0.12_0.52_0.10_0.14_0.12_0.13_0.12_0.14_0.07_1.02_0.21_0.20_0.07_0.08_0.10_0.21_0.14_0.23_0.15_0.11_0.14_0.19_0.08_0.58_0.14_0.14_0.08_0.16_0.13_0.07_0.17_0.26
0002_wikipedia_tokenized.json,5,1,1.0,60,True,19.288541078567505,20_13_32_6_4_11_6_13_5_13_7_5_14_5_12_6_22_4_6_8_13_9_8_4_5_6_8_5_8_5_8_5_7_17_7_7_5_17_9_7_4_9_11_8_20_8_7_7_9_13_6_87_10_6_20_9_7_11_16_7,0.31_0.22_0.52_0.09_0.07_0.19_0.09_0.22_0.08_0.22_0.12_0.08_0.25_0.08_0.20_0.11_0.37_0.07_0.10_0.14_0.21_0.16_0.14_0.07_0.09_0.11_0.14_0.09_0.13_0.09_0.15_0.08_0.12_0.28_0.12_0.13_0.08_0.30_0.15_0.12_0.07_0.15_0.20_0.13_0.35_0.14_0.13_0.12_0.15_0.23_0.10_1.44_0.17_0.10_0.35_0.16_0.13_0.19_0.29_0.12
0002_wikipedia_tokenized.json,6,1,1.0,60,True,18.66756820678711,19_7_6_14_5_6_6_6_22_7_36_5_4_6_8_12_13_7_6_55_5_6_10_17_5_15_5_9_5_5_6_7_10_9_5_9_7_5_6_5_6_23_5_6_11_6_10_5_7_31_10_8_7_8_8_5_10_20_11_6,0.29_0.12_0.10_0.24_0.08_0.10_0.11_0.10_0.38_0.12_0.61_0.09_0.07_0.10_0.14_0.20_0.22_0.12_0.10_0.93_0.08_0.10_0.18_0.28_0.09_0.25_0.09_0.15_0.08_0.09_0.10_0.12_0.17_0.15_0.09_0.15_0.12_0.09_0.10_0.09_0.11_0.39_0.09_0.10_0.20_0.10_0.17_0.09_0.12_0.52_0.17_0.13_0.12_0.15_0.14_0.09_0.17_0.35_0.18_0.10
0002_wikipedia_tokenized.json,7,1,1.0,60,True,19.186123847961426,24_8_6_5_56_9_7_16_12_8_4_6_7_7_14_6_10_6_5_5_11_9_5_13_13_11_5_19_9_11_11_7_5_7_18_19_11_14_6_5_6_4_6_3_6_9_8_5_5_9_16_33_5_15_12_25_6_14_11_7,0.39_0.13_0.10_0.09_0.93_0.16_0.12_0.28_0.20_0.14_0.07_0.10_0.13_0.11_0.24_0.11_0.17_0.11_0.08_0.09_0.19_0.15_0.09_0.22_0.22_0.18_0.09_0.32_0.15_0.19_0.18_0.13_0.08_0.11_0.30_0.33_0.18_0.26_0.10_0.08_0.11_0.07_0.10_0.06_0.10_0.16_0.14_0.09_0.10_0.16_0.28_0.55_0.09_0.26_0.20_0.43_0.11_0.25_0.19_0.13
0002_wikipedia_tokenized.json,8,1,1.0,60,True,18.419631242752075,14_13_3_7_8_7_6_44_7_6_7_5_7_8_7_6_13_6_4_12_13_5_5_5_16_5_5_10_21_10_7_5_5_5_6_18_27_6_8_5_8_7_8_13_7_6_9_5_5_34_6_41_8_6_6_12_9_7_8_6,0.22_0.21_0.05_0.12_0.13_0.12_0.10_0.74_0.12_0.11_0.12_0.09_0.12_0.14_0.13_0.10_0.22_0.11_0.07_0.21_0.21_0.08_0.09_0.09_0.28_0.08_0.09_0.18_0.35_0.17_0.12_0.09_0.08_0.09_0.11_0.30_0.45_0.11_0.14_0.09_0.14_0.12_0.13_0.22_0.12_0.11_0.15_0.09_0.09_0.58_0.10_0.69_0.15_0.10_0.10_0.21_0.16_0.13_0.13_0.11
0003_wikipedia_tokenized.json,0,1,1.0,80,True,23.394058227539062,26_22_11_7_7_7_8_6_6_5_6_6_6_4_8_6_22_5_10_13_11_6_21_4_6_10_15_22_7_6_6_7_8_5_6_10_7_11_6_5_11_13_9_4_6_22_32_6_7_11_5_6_6_7_5_20_5_6_5_5_4_5_10_5_20_5_6_9_6_7_11_9_5_5_5_9_4_8_5_5,0.42_0.37_0.18_0.12_0.12_0.12_0.14_0.10_0.10_0.09_0.10_0.10_0.11_0.07_0.13_0.11_0.36_0.09_0.17_0.23_0.18_0.11_0.34_0.07_0.10_0.17_0.25_0.38_0.12_0.10_0.11_0.12_0.14_0.09_0.10_0.18_0.12_0.19_0.11_0.09_0.20_0.22_0.16_0.07_0.11_0.37_0.54_0.10_0.13_0.19_0.09_0.11_0.11_0.13_0.08_0.34_0.08_0.11_0.09_0.09_0.07_0.09_0.17_0.09_0.33_0.09_0.11_0.16_0.12_0.12_0.19_0.16_0.09_0.10_0.09_0.15_0.08_0.13_0.09_0.09
0003_wikipedia_tokenized.json,1,1,1.0,80,True,24.549960136413574,22_5_6_46_5_13_5_7_20_14_5_5_7_12_8_6_32_8_10_9_7_5_6_27_5_6_5_4_6_11_7_8_8_7_5_7_6_6_5_9_12_15_6_4_8_8_5_4_6_28_5_17_27_5_5_8_9_5_8_7_6_4_7_19_12_6_7_4_16_7_5_22_14_14_7_6_10_4_5_8,0.34_0.09_0.10_0.77_0.08_0.21_0.09_0.13_0.33_0.24_0.09_0.09_0.12_0.20_0.14_0.10_0.54_0.14_0.17_0.15_0.12_0.08_0.10_0.45_0.09_0.10_0.09_0.07_0.10_0.18_0.13_0.14_0.15_0.11_0.09_0.13_0.10_0.10_0.09_0.15_0.21_0.25_0.11_0.07_0.14_0.15_0.08_0.07_0.11_0.47_0.09_0.29_0.44_0.09_0.08_0.13_0.16_0.09_0.15_0.12_0.11_0.08_0.12_0.33_0.20_0.11_0.12_0.07_0.29_0.13_0.10_0.37_0.25_0.24_0.13_0.11_0.18_0.08_0.09_0.15
0003_wikipedia_tokenized.json,2,1,1.0,80,True,25.35168957710266,30_22_10_6_6_12_6_8_12_8_9_7_5_12_9_6_8_5_6_62_22_9_10_5_7_5_10_5_9_4_13_7_4_5_8_10_5_57_6_7_10_7_7_10_4_5_8_7_7_36_9_7_13_6_17_10_5_7_6_7_6_5_17_9_6_6_7_7_5_24_23_5_13_12_6_8_5_8_5_7,0.47_0.37_0.16_0.11_0.10_0.21_0.10_0.13_0.21_0.14_0.16_0.11_0.09_0.21_0.15_0.11_0.13_0.09_0.11_1.01_0.36_0.15_0.16_0.08_0.13_0.08_0.16_0.09_0.15_0.07_0.22_0.12_0.07_0.08_0.13_0.18_0.09_0.96_0.10_0.12_0.17_0.12_0.13_0.16_0.07_0.09_0.14_0.12_0.12_0.61_0.15_0.13_0.22_0.11_0.28_0.18_0.09_0.12_0.11_0.12_0.11_0.09_0.29_0.16_0.11_0.11_0.12_0.12_0.10_0.40_0.39_0.10_0.21_0.21_0.10_0.14_0.09_0.15_0.09_0.13
0003_wikipedia_tokenized.json,3,1,1.0,80,True,22.240241289138794,34_6_4_5_9_6_15_5_6_5_9_7_6_6_8_5_8_6_8_5_6_9_9_5_11_4_6_6_9_14_5_6_7_13_6_10_4_9_4_14_7_14_5_6_8_8_8_13_8_15_8_4_13_6_8_5_9_17_10_8_6_5_6_7_12_5_6_5_6_6_5_5_5_36_7_7_8_6_6_5,0.51_0.10_0.07_0.09_0.15_0.10_0.26_0.08_0.10_0.09_0.15_0.12_0.10_0.10_0.15_0.08_0.13_0.11_0.13_0.08_0.11_0.15_0.16_0.08_0.18_0.07_0.10_0.10_0.16_0.23_0.09_0.10_0.12_0.22_0.10_0.18_0.07_0.15_0.07_0.23_0.13_0.23_0.09_0.11_0.14_0.15_0.13_0.22_0.13_0.25_0.13_0.07_0.23_0.10_0.14_0.09_0.15_0.30_0.17_0.15_0.10_0.09_0.11_0.12_0.21_0.08_0.11_0.10_0.10_0.11_0.10_0.09_0.09_0.60_0.13_0.12_0.15_0.10_0.11_0.10
0003_wikipedia_tokenized.json,4,1,1.0,80,True,25.966320991516113,10_4_12_9_10_8_4_8_17_5_50_10_8_11_23_7_7_12_10_8_30_10_15_10_6_8_14_8_4_4_11_6_14_5_7_10_8_7_9_5_9_7_16_4_7_6_10_14_16_17_4_8_5_3_7_8_11_6_9_7_5_19_19_8_7_10_11_6_60_13_13_5_5_8_11_5_5_55_5_6,0.16_0.07_0.20_0.14_0.16_0.14_0.07_0.14_0.27_0.08_0.83_0.17_0.14_0.18_0.39_0.12_0.12_0.19_0.18_0.13_0.50_0.17_0.25_0.17_0.11_0.13_0.24_0.13_0.07_0.07_0.18_0.11_0.23_0.09_0.13_0.16_0.14_0.11_0.15_0.09_0.15_0.13_0.26_0.07_0.13_0.10_0.18_0.23_0.28_0.28_0.08_0.13_0.09_0.06_0.11_0.14_0.19_0.10_0.17_0.12_0.09_0.32_0.33_0.14_0.13_0.17_0.18_0.11_1.00_0.22_0.22_0.09_0.09_0.14_0.18_0.09_0.10_0.94_0.09_0.11
0003_wikipedia_tokenized.json,5,1,1.0,80,True,24.840054512023926,16_22_5_6_5_5_5_13_24_9_7_12_8_17_6_7_7_4_13_14_11_6_24_5_7_5_9_8_13_5_20_5_7_4_9_5_5_5_5_55_7_7_6_16_5_9_6_7_6_11_10_7_8_6_18_9_8_64_10_6_8_5_9_12_6_6_13_7_5_5_11_13_6_9_18_5_8_6_12_6,0.26_0.36_0.08_0.10_0.08_0.09_0.08_0.22_0.39_0.16_0.12_0.21_0.13_0.29_0.10_0.12_0.12_0.07_0.22_0.23_0.19_0.10_0.41_0.08_0.12_0.09_0.15_0.14_0.21_0.09_0.33_0.09_0.13_0.07_0.15_0.09_0.09_0.08_0.09_0.91_0.13_0.11_0.10_0.27_0.09_0.16_0.10_0.12_0.11_0.19_0.18_0.11_0.13_0.11_0.29_0.16_0.14_1.07_0.17_0.11_0.14_0.10_0.15_0.20_0.11_0.11_0.23_0.12_0.09_0.09_0.19_0.24_0.10_0.16_0.30_0.09_0.15_0.11_0.22_0.11
0003_wikipedia_tokenized.json,6,1,1.0,80,True,26.751914739608765,34_8_11_5_6_9_28_6_8_9_11_13_6_5_7_5_28_5_6_28_8_8_7_25_9_8_6_12_10_12_8_6_12_4_6_12_29_12_16_4_7_5_5_5_8_13_7_5_6_11_4_55_9_6_30_5_6_6_6_4_5_6_5_26_7_5_17_5_5_15_11_14_4_112_7_4_6_4_6_9,0.54_0.13_0.19_0.08_0.10_0.16_0.46_0.10_0.13_0.16_0.18_0.23_0.10_0.08_0.13_0.08_0.47_0.09_0.11_0.45_0.14_0.13_0.13_0.40_0.15_0.13_0.11_0.19_0.17_0.20_0.13_0.11_0.20_0.08_0.10_0.20_0.48_0.21_0.26_0.07_0.11_0.09_0.09_0.08_0.13_0.22_0.12_0.09_0.10_0.19_0.08_0.92_0.16_0.10_0.50_0.09_0.11_0.10_0.10_0.08_0.08_0.10_0.09_0.44_0.12_0.09_0.30_0.09_0.10_0.25_0.19_0.23_0.07_1.85_0.13_0.07_0.10_0.08_0.10_0.16
0003_wikipedia_tokenized.json,7,1,1.0,80,True,25.077104091644287,17_20_9_5_11_61_9_7_6_11_5_6_10_10_6_6_5_7_5_8_59_13_6_6_16_5_9_9_11_6_13_5_5_7_7_4_9_13_5_7_7_17_6_34_7_9_8_6_6_9_15_14_7_5_5_7_7_7_5_6_5_4_13_7_5_6_42_11_7_19_7_6_5_17_7_3_8_13_7_11,0.28_0.33_0.15_0.08_0.19_1.00_0.16_0.12_0.10_0.18_0.09_0.11_0.16_0.17_0.11_0.10_0.08_0.12_0.09_0.14_0.97_0.23_0.10_0.10_0.27_0.09_0.16_0.15_0.19_0.10_0.22_0.09_0.09_0.11_0.12_0.07_0.15_0.21_0.08_0.12_0.12_0.29_0.10_0.56_0.12_0.16_0.14_0.11_0.10_0.15_0.25_0.24_0.13_0.09_0.10_0.12_0.12_0.13_0.08_0.11_0.09_0.07_0.22_0.13_0.09_0.11_0.70_0.19_0.13_0.31_0.13_0.10_0.09_0.29_0.12_0.06_0.13_0.23_0.12_0.19
0003_wikipedia_tokenized.json,8,1,1.0,80,True,24.244751691818237,40_13_7_4_5_10_8_13_6_12_4_5_6_11_18_9_16_7_7_52_26_9_5_5_9_8_6_9_7_5_7_9_8_5_6_7_30_7_10_5_12_15_6_5_6_5_6_11_7_7_5_6_6_6_5_19_9_5_6_8_6_13_6_49_9_5_11_7_6_8_10_6_7_5_9_5_7_6_8_4,0.63_0.23_0.12_0.07_0.09_0.16_0.14_0.21_0.10_0.20_0.08_0.09_0.10_0.18_0.30_0.15_0.26_0.11_0.12_0.86_0.44_0.15_0.09_0.08_0.15_0.14_0.10_0.16_0.11_0.09_0.13_0.15_0.14_0.09_0.10_0.13_0.49_0.12_0.17_0.09_0.20_0.26_0.10_0.09_0.11_0.09_0.10_0.20_0.12_0.13_0.08_0.10_0.11_0.10_0.09_0.32_0.15_0.09_0.10_0.14_0.11_0.22_0.11_0.82_0.16_0.09_0.19_0.13_0.10_0.13_0.17_0.11_0.13_0.09_0.15_0.09_0.12_0.11_0.14_0.07
0004_wikipedia_tokenized.json,0,1,1.0,100,True,28.356554985046387,21_6_12_5_4_3_11_10_5_5_4_5_5_6_5_22_16_8_4_6_8_4_5_12_7_7_8_7_9_8_18_6_4_9_4_6_10_5_5_10_12_8_6_14_6_19_8_5_5_11_6_9_5_5_29_21_5_5_5_17_20_4_12_6_13_6_8_11_4_20_10_6_8_5_5_8_9_4_12_4_5_10_11_6_13_14_7_8_5_7_4_11_8_10_7_6_5_8_4_8,0.34_0.10_0.20_0.08_0.07_0.06_0.18_0.17_0.09_0.08_0.07_0.09_0.08_0.10_0.09_0.35_0.27_0.13_0.07_0.10_0.13_0.07_0.08_0.20_0.12_0.12_0.14_0.11_0.15_0.14_0.30_0.11_0.07_0.15_0.07_0.10_0.18_0.08_0.09_0.18_0.20_0.14_0.10_0.23_0.11_0.32_0.14_0.09_0.09_0.18_0.10_0.16_0.09_0.08_0.48_0.35_0.09_0.09_0.09_0.30_0.33_0.08_0.20_0.11_0.22_0.10_0.15_0.19_0.08_0.33_0.18_0.11_0.14_0.09_0.09_0.15_0.15_0.08_0.22_0.08_0.09_0.18_0.19_0.11_0.22_0.25_0.12_0.15_0.09_0.12_0.08_0.18_0.14_0.17_0.12_0.11_0.08_0.14_0.08_0.13
0004_wikipedia_tokenized.json,1,1,1.0,100,True,27.933937549591064,32_8_5_14_8_9_6_8_5_6_7_5_6_9_7_14_16_5_5_8_7_8_5_9_8_7_7_7_4_5_12_5_6_5_5_5_5_7_9_6_5_4_9_6_5_6_9_7_13_9_6_13_7_5_5_8_33_5_10_5_4_5_17_9_5_8_8_12_5_6_7_8_8_7_5_3_12_4_15_5_7_6_9_16_4_10_10_6_5_11_5_14_8_20_5_10_19_5_4_8,0.51_0.13_0.09_0.23_0.14_0.15_0.10_0.14_0.08_0.10_0.12_0.08_0.10_0.17_0.12_0.24_0.26_0.09_0.08_0.13_0.12_0.13_0.08_0.16_0.14_0.13_0.11_0.12_0.08_0.08_0.20_0.09_0.10_0.08_0.09_0.09_0.09_0.12_0.15_0.11_0.09_0.07_0.17_0.10_0.09_0.11_0.15_0.12_0.22_0.15_0.11_0.22_0.13_0.08_0.09_0.14_0.56_0.09_0.17_0.09_0.07_0.09_0.28_0.16_0.09_0.14_0.15_0.20_0.09_0.11_0.12_0.16_0.13_0.12_0.10_0.06_0.21_0.08_0.25_0.10_0.12_0.11_0.16_0.27_0.08_0.17_0.18_0.10_0.09_0.20_0.09_0.25_0.14_0.35_0.09_0.18_0.31_0.10_0.07_0.14
0004_wikipedia_tokenized.json,2,1,1.0,100,True,30.200445652008057,88_16_12_8_10_14_9_43_11_5_3_4_9_10_6_8_26_7_5_6_7_8_7_17_8_6_10_7_9_6_6_6_5_4_10_15_6_6_11_5_5_12_6_7_10_6_6_4_5_6_6_6_13_11_7_6_6_5_6_9_9_5_10_11_7_6_16_7_5_5_6_11_5_16_26_12_10_7_6_7_8_10_6_11_4_9_7_8_8_5_5_8_7_20_11_6_5_11_3_4,1.37_0.26_0.20_0.13_0.17_0.24_0.15_0.71_0.18_0.09_0.05_0.07_0.15_0.18_0.10_0.14_0.42_0.13_0.08_0.10_0.12_0.13_0.12_0.28_0.14_0.11_0.17_0.13_0.14_0.10_0.11_0.10_0.08_0.07_0.17_0.27_0.10_0.10_0.19_0.09_0.09_0.20_0.10_0.13_0.17_0.11_0.10_0.07_0.10_0.11_0.11_0.11_0.22_0.20_0.12_0.10_0.11_0.09_0.11_0.17_0.16_0.10_0.17_0.19_0.13_0.12_0.29_0.12_0.10_0.09_0.11_0.20_0.09_0.28_0.43_0.20_0.17_0.13_0.11_0.13_0.13_0.17_0.11_0.19_0.08_0.15_0.12_0.15_0.14_0.10_0.09_0.14_0.13_0.33_0.20_0.11_0.09_0.19_0.06_0.09
0004_wikipedia_tokenized.json,3,1,1.0,100,True,28.964987993240356,26_15_10_5_5_7_13_12_7_6_4_6_6_5_6_10_6_5_5_11_12_6_5_8_8_6_10_5_5_6_10_6_5_5_5_5_5_13_16_5_6_9_17_6_9_4_7_5_8_5_5_9_6_38_9_22_6_10_5_14_5_6_6_5_7_6_9_11_7_13_15_5_6_6_8_7_7_4_7_16_10_8_8_6_7_9_11_6_6_9_5_5_4_54_6_6_5_4_4_6,0.40_0.26_0.17_0.09_0.08_0.12_0.22_0.20_0.12_0.10_0.07_0.11_0.10_0.08_0.11_0.17_0.11_0.09_0.09_0.20_0.20_0.11_0.09_0.14_0.14_0.10_0.16_0.09_0.09_0.10_0.18_0.10_0.09_0.10_0.08_0.09_0.09_0.21_0.27_0.09_0.11_0.15_0.30_0.10_0.15_0.07_0.12_0.09_0.14_0.09_0.09_0.16_0.11_0.64_0.16_0.38_0.10_0.17_0.09_0.24_0.09_0.10_0.11_0.10_0.12_0.11_0.16_0.20_0.13_0.22_0.26_0.09_0.12_0.11_0.14_0.13_0.13_0.07_0.13_0.27_0.18_0.14_0.16_0.10_0.12_0.15_0.18_0.11_0.10_0.16_0.09_0.09_0.07_0.91_0.11_0.11_0.08_0.07_0.08_0.10
0004_wikipedia_tokenized.json,4,1,1.0,100,True,30.790188312530518,22_9_7_4_4_5_11_10_19_13_4_4_13_5_27_12_14_5_7_6_7_5_8_5_9_5_20_16_5_8_7_5_6_4_8_6_56_6_9_13_6_10_6_6_8_9_7_5_6_7_14_11_6_6_8_7_7_10_9_7_7_4_8_10_6_29_25_5_5_13_10_5_6_10_10_3_6_10_9_5_6_16_12_9_9_22_11_14_4_8_4_21_8_19_8_7_14_9_12_4,0.35_0.14_0.11_0.07_0.07_0.08_0.19_0.17_0.33_0.22_0.07_0.07_0.22_0.09_0.47_0.20_0.25_0.08_0.12_0.11_0.12_0.09_0.14_0.09_0.16_0.08_0.34_0.26_0.09_0.13_0.12_0.09_0.10_0.07_0.14_0.10_0.94_0.10_0.15_0.22_0.10_0.18_0.10_0.10_0.14_0.16_0.13_0.08_0.11_0.13_0.23_0.20_0.10_0.11_0.15_0.12_0.13_0.17_0.15_0.13_0.12_0.08_0.14_0.17_0.11_0.50_0.42_0.10_0.09_0.24_0.17_0.09_0.11_0.18_0.18_0.06_0.11_0.19_0.16_0.10_0.10_0.28_0.20_0.17_0.16_0.38_0.18_0.25_0.07_0.13_0.07_0.35_0.14_0.33_0.14_0.12_0.24_0.16_0.22_0.07
0004_wikipedia_tokenized.json,5,1,1.0,100,True,29.418800115585327,18_7_6_4_6_12_7_47_5_7_6_4_6_11_25_12_11_9_7_11_5_3_5_5_9_6_7_5_11_4_5_5_5_6_8_5_10_5_15_7_10_4_5_7_5_23_9_6_5_32_4_13_6_5_5_9_9_6_12_7_9_7_5_9_13_5_12_4_8_15_7_7_19_13_5_5_14_13_5_5_17_5_7_7_18_11_5_6_17_8_4_5_11_5_14_7_10_5_6_6,0.29_0.11_0.10_0.07_0.10_0.20_0.12_0.79_0.09_0.12_0.10_0.08_0.10_0.19_0.42_0.21_0.18_0.16_0.12_0.18_0.09_0.05_0.09_0.09_0.14_0.10_0.13_0.09_0.19_0.07_0.09_0.09_0.09_0.10_0.14_0.09_0.17_0.09_0.24_0.13_0.16_0.07_0.09_0.12_0.09_0.39_0.16_0.10_0.09_0.55_0.08_0.22_0.11_0.09_0.09_0.16_0.16_0.11_0.22_0.12_0.16_0.12_0.09_0.17_0.22_0.10_0.20_0.07_0.15_0.26_0.13_0.12_0.34_0.22_0.10_0.09_0.25_0.22_0.09_0.09_0.29_0.10_0.12_0.13_0.31_0.20_0.09_0.11_0.29_0.14_0.08_0.08_0.18_0.09_0.24_0.13_0.17_0.09_0.11_0.11
0004_wikipedia_tokenized.json,6,1,1.0,100,True,33.71199059486389,30_6_15_5_4_9_9_11_10_6_9_7_7_6_12_5_8_13_63_6_7_7_10_21_15_4_7_6_11_4_8_5_6_12_6_40_6_9_6_9_10_13_10_5_14_6_7_12_13_6_8_10_6_5_6_5_11_14_12_5_9_8_38_7_8_6_14_4_8_12_6_16_5_5_18_32_10_5_9_6_4_13_19_14_5_131_6_6_7_9_10_10_5_12_15_4_9_9_6_7,0.48_0.10_0.26_0.09_0.07_0.15_0.15_0.19_0.17_0.11_0.15_0.12_0.13_0.10_0.21_0.09_0.14_0.23_1.06_0.11_0.12_0.13_0.16_0.36_0.26_0.07_0.11_0.10_0.20_0.07_0.14_0.09_0.10_0.21_0.10_0.67_0.11_0.15_0.10_0.16_0.17_0.23_0.16_0.09_0.23_0.10_0.14_0.20_0.23_0.11_0.14_0.17_0.11_0.09_0.10_0.09_0.20_0.24_0.22_0.09_0.16_0.13_0.65_0.13_0.14_0.11_0.25_0.07_0.15_0.20_0.10_0.27_0.09_0.10_0.30_0.55_0.19_0.09_0.17_0.10_0.08_0.24_0.32_0.24_0.09_2.20_0.10_0.10_0.13_0.16_0.18_0.17_0.09_0.21_0.26_0.07_0.16_0.17_0.10_0.12
0004_wikipedia_tokenized.json,7,1,1.0,100,True,33.91837549209595,18_10_33_13_6_6_10_5_12_28_8_9_7_14_17_8_51_6_6_7_10_31_7_5_7_9_6_4_11_9_8_9_5_7_4_7_48_9_4_8_8_5_8_8_8_8_9_5_5_7_6_5_13_14_5_13_15_36_5_26_6_5_5_8_7_7_37_14_8_14_5_12_4_5_7_4_11_6_6_6_43_6_25_7_4_38_12_7_6_37_11_11_9_9_6_10_10_11_12_10,0.29_0.16_0.54_0.22_0.10_0.11_0.16_0.08_0.21_0.48_0.14_0.16_0.12_0.24_0.29_0.14_0.85_0.10_0.11_0.11_0.17_0.51_0.13_0.08_0.12_0.16_0.10_0.07_0.18_0.15_0.14_0.15_0.09_0.12_0.07_0.13_0.81_0.15_0.08_0.13_0.14_0.09_0.14_0.15_0.13_0.14_0.16_0.09_0.09_0.13_0.11_0.09_0.22_0.25_0.08_0.22_0.26_0.61_0.09_0.44_0.11_0.09_0.09_0.15_0.12_0.13_0.63_0.23_0.15_0.23_0.09_0.21_0.07_0.10_0.12_0.07_0.20_0.11_0.11_0.11_0.72_0.11_0.42_0.13_0.07_0.65_0.21_0.12_0.10_0.63_0.19_0.19_0.16_0.16_0.11_0.17_0.18_0.18_0.21_0.17
0004_wikipedia_tokenized.json,8,1,1.0,100,True,31.1560697555542,26_7_13_8_8_5_7_43_9_10_6_9_7_13_31_6_12_8_8_9_8_8_11_5_6_4_7_14_10_5_16_7_12_7_6_6_6_9_7_7_4_13_6_4_14_8_5_8_5_34_6_13_5_8_12_6_6_6_6_7_11_9_9_10_6_6_10_5_17_8_7_11_5_9_18_4_55_6_3_5_15_9_36_9_4_8_6_9_5_4_5_8_23_8_6_4_22_5_5_5,0.42_0.11_0.22_0.13_0.13_0.09_0.12_0.72_0.16_0.17_0.11_0.15_0.12_0.23_0.53_0.10_0.21_0.13_0.13_0.16_0.14_0.14_0.17_0.08_0.11_0.07_0.12_0.23_0.17_0.09_0.27_0.13_0.20_0.13_0.10_0.10_0.11_0.15_0.12_0.12_0.07_0.23_0.10_0.07_0.25_0.14_0.10_0.14_0.09_0.58_0.11_0.22_0.10_0.13_0.20_0.11_0.11_0.11_0.11_0.12_0.20_0.15_0.16_0.17_0.10_0.11_0.17_0.10_0.29_0.15_0.13_0.19_0.09_0.16_0.32_0.07_0.93_0.10_0.06_0.10_0.25_0.17_0.62_0.16_0.08_0.14_0.11_0.17_0.09_0.07_0.10_0.13_0.41_0.14_0.11_0.08_0.38_0.08_0.09_0.10
0005_wikipedia_tokenized.json,0,1,1.0,120,True,36.0646014213562,19_79_10_5_5_13_7_6_42_8_5_6_8_6_11_4_5_9_4_8_5_7_7_3_4_5_4_11_4_4_18_9_6_6_4_7_8_6_9_6_5_15_7_8_6_22_8_4_16_10_5_16_5_4_9_20_10_9_4_8_7_8_6_5_20_10_9_5_6_22_11_7_5_8_20_8_8_7_6_6_5_7_12_5_15_10_5_16_5_5_6_6_6_39_5_3_16_7_8_14_11_7_20_5_6_5_9_6_6_11_9_5_8_4_19_8_15_4_7_8,0.29_1.31_0.17_0.09_0.09_0.21_0.12_0.11_0.70_0.13_0.09_0.10_0.13_0.11_0.18_0.08_0.09_0.15_0.07_0.13_0.08_0.12_0.11_0.05_0.07_0.09_0.07_0.19_0.07_0.07_0.32_0.15_0.11_0.10_0.07_0.13_0.13_0.10_0.16_0.10_0.09_0.25_0.12_0.15_0.10_0.38_0.14_0.08_0.26_0.18_0.08_0.27_0.09_0.07_0.16_0.33_0.18_0.15_0.07_0.14_0.12_0.15_0.10_0.09_0.34_0.17_0.16_0.09_0.12_0.36_0.20_0.12_0.10_0.14_0.34_0.13_0.14_0.13_0.11_0.11_0.10_0.13_0.22_0.09_0.26_0.16_0.09_0.27_0.09_0.09_0.10_0.10_0.11_0.66_0.09_0.06_0.26_0.12_0.15_0.23_0.20_0.12_0.35_0.09_0.11_0.09_0.15_0.12_0.10_0.19_0.15_0.09_0.15_0.07_0.33_0.13_0.27_0.07_0.12_0.15
0005_wikipedia_tokenized.json,1,1,1.0,120,True,35.476391553878784,28_7_10_5_6_8_8_7_5_21_10_9_12_8_7_5_17_5_8_6_6_7_9_7_7_7_7_11_4_9_9_9_9_7_4_7_11_5_5_6_6_6_17_8_9_9_5_6_13_11_6_5_10_10_7_5_6_35_7_6_4_6_6_5_54_12_4_4_9_18_5_10_8_10_5_4_13_8_5_9_5_8_14_5_13_10_9_7_5_8_3_5_60_13_5_47_4_6_8_7_7_13_12_7_5_11_4_7_9_8_6_7_8_5_6_5_4_4_5_8,0.43_0.11_0.16_0.09_0.10_0.13_0.14_0.12_0.09_0.34_0.18_0.15_0.21_0.13_0.12_0.09_0.28_0.09_0.13_0.10_0.11_0.12_0.15_0.12_0.12_0.13_0.11_0.18_0.07_0.15_0.16_0.14_0.15_0.12_0.07_0.12_0.18_0.09_0.09_0.10_0.11_0.11_0.28_0.15_0.14_0.15_0.09_0.10_0.23_0.18_0.10_0.09_0.17_0.18_0.12_0.08_0.11_0.58_0.12_0.11_0.08_0.10_0.12_0.09_0.90_0.22_0.07_0.07_0.16_0.31_0.09_0.17_0.15_0.17_0.09_0.08_0.22_0.15_0.09_0.16_0.10_0.14_0.26_0.09_0.23_0.16_0.16_0.12_0.09_0.15_0.06_0.09_1.02_0.22_0.09_0.79_0.07_0.11_0.13_0.12_0.13_0.22_0.21_0.12_0.10_0.18_0.07_0.13_0.15_0.14_0.11_0.12_0.15_0.08_0.11_0.09_0.07_0.07_0.09_0.13
0005_wikipedia_tokenized.json,2,1,1.0,120,True,34.691633462905884,22_5_12_10_4_18_9_15_11_6_42_10_5_8_9_5_6_10_7_5_15_6_8_6_7_6_6_7_18_10_4_9_6_7_4_7_7_9_5_11_6_7_5_7_8_5_18_7_7_10_5_6_24_5_6_9_9_10_12_8_5_7_6_6_12_48_7_4_9_7_5_5_7_5_5_5_13_6_15_9_5_8_7_15_6_6_8_6_6_5_5_7_9_23_5_5_8_5_4_10_6_6_13_6_6_7_17_12_6_5_11_6_12_9_5_10_5_5_4_13,0.35_0.08_0.20_0.16_0.07_0.30_0.15_0.25_0.18_0.10_0.70_0.16_0.09_0.13_0.16_0.09_0.10_0.18_0.11_0.09_0.26_0.10_0.15_0.10_0.12_0.11_0.10_0.12_0.30_0.17_0.07_0.15_0.11_0.12_0.07_0.14_0.11_0.15_0.09_0.18_0.11_0.12_0.09_0.13_0.13_0.09_0.31_0.12_0.13_0.17_0.09_0.11_0.41_0.08_0.11_0.16_0.15_0.18_0.20_0.14_0.10_0.12_0.11_0.11_0.20_0.81_0.12_0.07_0.16_0.13_0.10_0.09_0.12_0.10_0.09_0.09_0.23_0.11_0.27_0.15_0.10_0.14_0.12_0.27_0.11_0.11_0.13_0.11_0.11_0.08_0.09_0.13_0.15_0.40_0.09_0.10_0.13_0.09_0.08_0.17_0.10_0.11_0.21_0.11_0.10_0.12_0.29_0.20_0.11_0.09_0.19_0.10_0.20_0.16_0.09_0.18_0.08_0.09_0.08_0.21
0005_wikipedia_tokenized.json,3,1,1.0,120,True,33.37453031539917,11_6_12_7_8_5_12_11_7_4_15_4_6_7_16_10_26_5_10_11_18_9_12_5_5_8_8_7_10_5_7_5_5_7_4_7_8_4_6_8_5_7_7_5_13_10_6_4_4_6_12_6_7_4_7_7_5_13_9_5_4_6_4_7_8_5_7_5_8_6_8_6_7_6_13_12_6_9_7_7_10_11_5_5_7_18_10_8_7_6_5_6_9_9_8_9_6_12_5_7_6_7_8_9_7_6_9_5_5_7_5_4_4_51_7_6_10_4_5_5,0.18_0.09_0.20_0.12_0.13_0.09_0.20_0.19_0.12_0.07_0.26_0.07_0.10_0.12_0.27_0.18_0.44_0.08_0.17_0.19_0.30_0.15_0.20_0.09_0.08_0.13_0.14_0.12_0.18_0.08_0.12_0.09_0.08_0.12_0.07_0.11_0.13_0.07_0.10_0.14_0.09_0.12_0.13_0.09_0.22_0.18_0.11_0.08_0.08_0.11_0.21_0.10_0.12_0.08_0.12_0.12_0.09_0.22_0.16_0.09_0.07_0.11_0.07_0.12_0.15_0.09_0.12_0.10_0.14_0.12_0.13_0.11_0.13_0.10_0.23_0.20_0.11_0.16_0.12_0.13_0.17_0.20_0.09_0.09_0.13_0.30_0.18_0.14_0.13_0.10_0.09_0.11_0.15_0.16_0.14_0.16_0.11_0.20_0.09_0.13_0.11_0.13_0.14_0.15_0.13_0.11_0.16_0.09_0.09_0.13_0.09_0.07_0.08_0.86_0.12_0.11_0.17_0.08_0.09_0.09
0005_wikipedia_tokenized.json,4,1,1.0,120,True,38.51975345611572,32_9_6_7_11_6_9_7_5_37_11_10_7_5_11_15_7_18_24_8_6_5_5_4_11_7_6_11_9_18_7_5_7_7_5_5_5_9_6_46_7_7_11_5_7_9_5_57_6_7_5_9_6_19_8_14_6_57_6_10_6_5_10_13_7_15_8_7_18_9_4_5_6_10_5_34_8_10_4_5_10_7_6_5_15_27_6_12_9_9_13_7_9_8_7_7_18_11_6_11_14_5_7_7_10_12_8_6_5_5_13_14_9_5_5_14_5_8_12_8,0.51_0.15_0.10_0.12_0.19_0.10_0.15_0.12_0.09_0.62_0.20_0.17_0.13_0.09_0.19_0.26_0.12_0.30_0.40_0.13_0.10_0.09_0.09_0.07_0.20_0.12_0.11_0.18_0.15_0.30_0.13_0.09_0.12_0.13_0.09_0.09_0.09_0.15_0.10_0.78_0.12_0.12_0.20_0.09_0.13_0.15_0.09_0.97_0.11_0.13_0.08_0.15_0.11_0.32_0.15_0.24_0.11_0.95_0.11_0.17_0.10_0.09_0.17_0.24_0.12_0.26_0.13_0.13_0.30_0.16_0.08_0.09_0.12_0.17_0.09_0.57_0.15_0.18_0.08_0.09_0.17_0.13_0.11_0.09_0.26_0.47_0.11_0.22_0.16_0.17_0.22_0.13_0.16_0.14_0.13_0.12_0.31_0.19_0.11_0.18_0.24_0.09_0.12_0.13_0.17_0.22_0.13_0.10_0.09_0.09_0.23_0.23_0.17_0.08_0.09_0.26_0.09_0.14_0.20_0.13
0005_wikipedia_tokenized.json,5,1,1.0,120,True,38.21134161949158,30_15_6_45_15_5_8_12_5_6_5_5_8_5_31_4_9_5_5_6_14_10_8_7_7_6_11_6_3_4_8_10_6_7_5_21_5_6_7_7_5_18_5_5_5_8_6_11_6_6_5_6_23_6_5_8_32_12_8_5_7_7_11_18_9_11_6_12_8_6_64_13_5_12_6_7_9_7_5_14_18_5_5_17_6_7_7_13_4_6_5_10_10_6_6_18_9_10_7_10_6_29_6_10_9_9_7_17_35_11_11_6_6_13_9_19_9_6_8_9,0.46_0.25_0.10_0.75_0.24_0.09_0.13_0.20_0.09_0.10_0.08_0.09_0.14_0.08_0.52_0.07_0.15_0.09_0.09_0.10_0.25_0.17_0.14_0.12_0.12_0.11_0.18_0.10_0.06_0.07_0.14_0.17_0.10_0.13_0.08_0.36_0.08_0.10_0.13_0.12_0.08_0.30_0.09_0.09_0.09_0.14_0.11_0.18_0.11_0.10_0.09_0.11_0.37_0.11_0.09_0.14_0.64_0.20_0.15_0.08_0.12_0.13_0.19_0.32_0.16_0.20_0.10_0.21_0.13_0.11_1.09_0.23_0.09_0.21_0.11_0.13_0.17_0.12_0.09_0.25_0.31_0.09_0.09_0.31_0.11_0.13_0.12_0.23_0.08_0.11_0.09_0.18_0.17_0.11_0.11_0.32_0.15_0.18_0.12_0.17_0.11_0.50_0.10_0.18_0.16_0.16_0.13_0.29_0.59_0.20_0.18_0.11_0.10_0.23_0.15_0.32_0.15_0.11_0.14_0.16
0005_wikipedia_tokenized.json,6,1,1.0,120,True,37.02077651023865,30_4_15_5_5_4_12_7_6_8_12_9_8_5_7_16_6_6_11_8_11_4_6_6_9_6_10_6_5_5_9_15_5_6_7_11_38_5_6_11_5_5_6_4_7_5_9_8_38_7_6_6_8_8_11_13_6_17_4_8_12_44_4_9_7_7_7_4_5_9_5_14_5_14_10_12_10_5_5_13_8_7_8_5_9_10_8_13_19_12_6_10_10_5_7_26_15_5_81_6_7_4_7_6_7_7_19_11_6_7_9_7_10_7_5_7_6_6_6_4,0.47_0.07_0.24_0.09_0.09_0.07_0.21_0.12_0.10_0.14_0.20_0.16_0.13_0.09_0.13_0.27_0.11_0.10_0.19_0.14_0.19_0.07_0.10_0.10_0.16_0.10_0.17_0.10_0.09_0.09_0.15_0.26_0.09_0.10_0.13_0.18_0.64_0.09_0.11_0.18_0.09_0.08_0.10_0.07_0.11_0.09_0.16_0.14_0.65_0.13_0.10_0.10_0.14_0.14_0.20_0.22_0.11_0.28_0.07_0.14_0.20_0.75_0.07_0.15_0.13_0.12_0.13_0.07_0.09_0.17_0.09_0.24_0.10_0.24_0.18_0.21_0.18_0.09_0.10_0.22_0.14_0.13_0.14_0.10_0.15_0.17_0.15_0.22_0.32_0.21_0.11_0.17_0.18_0.09_0.12_0.44_0.26_0.09_1.36_0.11_0.12_0.07_0.13_0.11_0.13_0.12_0.32_0.18_0.10_0.13_0.16_0.13_0.17_0.12_0.09_0.12_0.11_0.11_0.11_0.07
0005_wikipedia_tokenized.json,7,1,1.0,120,True,37.51022720336914,18_18_6_20_3_23_6_9_5_5_6_11_10_10_6_6_8_6_34_10_10_8_10_4_18_10_11_8_19_12_10_7_15_6_5_5_11_51_5_4_7_13_6_4_5_12_5_9_5_16_6_7_19_8_7_7_8_14_10_6_10_6_4_6_6_7_6_4_6_10_4_15_11_12_6_29_7_7_8_6_8_8_22_23_7_12_7_10_6_4_5_5_7_9_5_10_7_9_11_6_5_12_14_8_10_11_8_6_8_17_7_10_8_19_7_9_46_5_7_6,0.28_0.31_0.10_0.35_0.05_0.40_0.10_0.16_0.08_0.09_0.11_0.18_0.17_0.17_0.10_0.11_0.13_0.10_0.57_0.18_0.17_0.14_0.17_0.07_0.30_0.17_0.18_0.14_0.32_0.21_0.16_0.12_0.25_0.10_0.09_0.08_0.18_0.86_0.09_0.07_0.12_0.22_0.11_0.07_0.09_0.21_0.09_0.17_0.08_0.27_0.11_0.12_0.33_0.14_0.13_0.12_0.14_0.24_0.17_0.11_0.17_0.11_0.07_0.11_0.11_0.12_0.10_0.08_0.11_0.18_0.08_0.26_0.19_0.21_0.11_0.50_0.12_0.12_0.15_0.11_0.15_0.13_0.39_0.39_0.12_0.20_0.13_0.17_0.11_0.07_0.09_0.10_0.12_0.17_0.09_0.17_0.13_0.17_0.19_0.11_0.09_0.21_0.23_0.15_0.17_0.19_0.14_0.11_0.15_0.29_0.13_0.17_0.14_0.32_0.13_0.15_0.78_0.09_0.11_0.10
0005_wikipedia_tokenized.json,8,1,1.0,120,True,37.138819217681885,40_13_5_4_18_19_8_15_7_6_7_5_6_6_7_18_7_7_6_8_31_50_21_10_6_7_14_8_9_8_7_17_5_7_5_10_7_7_5_8_6_12_7_7_7_28_8_7_6_9_10_54_7_19_11_6_5_6_8_6_7_6_6_7_24_6_12_6_6_7_9_9_7_20_9_7_6_5_6_6_8_16_10_6_9_6_17_11_4_31_8_6_6_7_7_6_4_5_5_4_7_5_5_5_11_7_6_6_6_17_10_6_6_4_16_10_10_7_4_5,0.63_0.21_0.08_0.07_0.30_0.32_0.13_0.25_0.12_0.11_0.12_0.08_0.10_0.10_0.12_0.30_0.12_0.12_0.11_0.15_0.52_0.83_0.36_0.16_0.11_0.12_0.23_0.14_0.15_0.15_0.11_0.29_0.09_0.12_0.09_0.16_0.12_0.13_0.09_0.14_0.10_0.22_0.12_0.13_0.12_0.48_0.14_0.13_0.10_0.16_0.17_0.91_0.12_0.33_0.19_0.10_0.09_0.10_0.14_0.11_0.12_0.11_0.11_0.13_0.41_0.10_0.21_0.10_0.11_0.12_0.15_0.16_0.12_0.36_0.16_0.13_0.10_0.09_0.11_0.10_0.14_0.27_0.18_0.11_0.16_0.11_0.28_0.20_0.07_0.53_0.14_0.11_0.11_0.13_0.12_0.11_0.08_0.09_0.09_0.08_0.12_0.09_0.09_0.09_0.19_0.13_0.10_0.11_0.11_0.28_0.18_0.11_0.11_0.08_0.27_0.18_0.17_0.13_0.07_0.10
0006_wikipedia_tokenized.json,0,1,1.0,140,True,44.67153191566467,23_4_6_40_5_9_15_13_4_14_6_8_7_11_8_46_9_5_21_56_26_8_32_8_5_5_9_7_9_4_5_10_5_5_5_8_6_5_5_5_6_8_13_5_15_9_8_6_9_8_6_7_38_9_5_23_7_8_7_26_8_6_6_6_10_10_4_3_9_23_7_8_12_6_16_3_6_5_13_6_13_5_6_20_11_13_4_6_13_5_6_5_5_9_4_6_8_5_15_8_6_12_4_5_14_15_4_139_5_5_13_8_5_18_8_7_6_6_8_4_8_4_5_6_5_5_7_5_10_5_13_4_14_9_5_5_8_5_11_8,0.35_0.07_0.09_0.66_0.08_0.15_0.25_0.22_0.07_0.25_0.10_0.14_0.12_0.19_0.14_0.78_0.15_0.09_0.35_0.93_0.44_0.14_0.54_0.15_0.08_0.09_0.16_0.12_0.15_0.07_0.09_0.18_0.09_0.09_0.09_0.14_0.10_0.09_0.08_0.09_0.11_0.13_0.22_0.09_0.25_0.16_0.13_0.11_0.15_0.13_0.11_0.12_0.64_0.17_0.08_0.40_0.12_0.14_0.13_0.45_0.14_0.10_0.11_0.11_0.18_0.17_0.07_0.06_0.15_0.40_0.12_0.15_0.20_0.11_0.27_0.06_0.11_0.09_0.23_0.10_0.22_0.10_0.11_0.35_0.19_0.23_0.07_0.11_0.22_0.09_0.11_0.09_0.08_0.16_0.07_0.11_0.14_0.09_0.27_0.14_0.11_0.20_0.07_0.09_0.23_0.27_0.07_2.31_0.08_0.09_0.23_0.14_0.10_0.30_0.15_0.11_0.10_0.11_0.13_0.07_0.14_0.07_0.09_0.11_0.09_0.08_0.13_0.09_0.18_0.09_0.22_0.08_0.24_0.17_0.08_0.09_0.15_0.09_0.19_0.14
0006_wikipedia_tokenized.json,1,1,1.0,140,True,39.457574129104614,16_5_8_7_10_7_8_7_18_10_6_5_8_11_9_7_34_8_10_9_7_10_5_31_5_4_8_7_4_8_6_6_8_8_7_5_6_10_6_4_6_5_6_4_4_7_5_6_6_11_7_9_11_7_10_10_5_6_5_9_9_8_9_11_17_6_4_4_6_24_5_54_5_4_5_5_11_4_7_7_7_4_5_13_7_11_10_4_5_4_4_15_9_14_5_18_15_4_4_6_12_7_7_10_31_10_7_6_7_12_6_4_8_3_11_13_12_8_5_6_5_6_5_4_4_5_5_9_5_6_5_5_8_6_4_6_5_7_5_7,0.27_0.08_0.14_0.12_0.17_0.12_0.13_0.12_0.29_0.17_0.10_0.09_0.14_0.19_0.15_0.12_0.57_0.14_0.18_0.15_0.12_0.16_0.09_0.52_0.09_0.07_0.14_0.13_0.07_0.14_0.11_0.10_0.13_0.14_0.12_0.09_0.11_0.17_0.11_0.07_0.10_0.09_0.10_0.07_0.07_0.12_0.09_0.11_0.10_0.19_0.13_0.15_0.20_0.11_0.17_0.17_0.09_0.11_0.08_0.15_0.16_0.14_0.17_0.18_0.30_0.10_0.07_0.08_0.10_0.42_0.09_0.91_0.08_0.07_0.10_0.09_0.19_0.08_0.12_0.13_0.12_0.07_0.10_0.22_0.12_0.19_0.17_0.08_0.08_0.07_0.08_0.25_0.17_0.23_0.10_0.30_0.26_0.07_0.07_0.12_0.20_0.13_0.12_0.17_0.51_0.18_0.12_0.11_0.12_0.20_0.11_0.07_0.14_0.06_0.19_0.23_0.20_0.15_0.08_0.10_0.09_0.10_0.09_0.08_0.07_0.09_0.09_0.15_0.09_0.11_0.09_0.09_0.15_0.10_0.07_0.11_0.09_0.12_0.09_0.12
0006_wikipedia_tokenized.json,2,1,1.0,140,True,42.08128595352173,18_8_15_4_59_6_5_15_21_5_14_18_7_16_7_22_19_7_6_9_8_9_11_10_6_9_5_7_7_5_6_8_12_19_9_5_8_5_6_7_3_4_7_5_8_20_6_5_6_16_5_35_7_6_8_10_6_12_5_6_6_6_7_14_9_11_7_5_7_7_8_6_5_6_7_4_3_10_3_6_8_6_7_20_15_22_16_12_10_8_4_7_6_10_5_7_6_7_11_5_7_8_6_9_14_7_5_14_11_5_6_16_15_5_5_12_6_11_8_11_8_9_6_6_10_7_7_4_5_16_5_9_10_5_5_10_15_7_13_8,0.28_0.13_0.24_0.07_0.98_0.10_0.08_0.24_0.36_0.08_0.24_0.29_0.13_0.26_0.13_0.36_0.32_0.12_0.11_0.15_0.14_0.15_0.18_0.18_0.10_0.16_0.08_0.12_0.13_0.08_0.10_0.14_0.20_0.33_0.15_0.09_0.13_0.09_0.11_0.12_0.05_0.07_0.11_0.09_0.14_0.34_0.11_0.09_0.11_0.27_0.09_0.58_0.13_0.11_0.15_0.16_0.10_0.21_0.09_0.11_0.10_0.11_0.13_0.24_0.16_0.19_0.13_0.09_0.12_0.13_0.14_0.10_0.09_0.11_0.13_0.08_0.06_0.18_0.06_0.11_0.15_0.10_0.12_0.34_0.26_0.36_0.28_0.22_0.17_0.14_0.08_0.11_0.11_0.18_0.09_0.13_0.10_0.12_0.20_0.09_0.12_0.14_0.11_0.17_0.23_0.13_0.09_0.24_0.19_0.09_0.11_0.27_0.27_0.09_0.08_0.20_0.10_0.20_0.14_0.20_0.13_0.16_0.11_0.11_0.18_0.11_0.12_0.08_0.09_0.28_0.08_0.15_0.17_0.09_0.10_0.17_0.26_0.12_0.22_0.14
0006_wikipedia_tokenized.json,3,1,1.0,140,True,40.160412311553955,20_8_18_8_7_10_8_17_8_19_11_16_7_7_25_5_7_6_7_5_9_11_6_8_6_12_7_12_14_8_3_5_8_14_10_11_6_12_5_12_5_10_7_5_9_17_8_6_6_12_8_7_20_5_9_6_5_5_7_6_6_4_10_8_8_13_5_4_6_12_5_5_4_6_3_4_10_11_5_5_8_6_8_9_6_22_5_7_17_6_6_5_14_13_8_6_10_11_5_6_5_5_5_9_8_7_10_5_11_11_5_7_6_7_5_5_8_5_11_6_10_6_7_7_6_9_5_5_6_5_5_6_38_8_6_6_5_7_5_6,0.32_0.13_0.32_0.13_0.12_0.16_0.13_0.28_0.13_0.31_0.19_0.26_0.12_0.12_0.43_0.08_0.12_0.11_0.12_0.09_0.15_0.18_0.11_0.13_0.10_0.20_0.12_0.21_0.24_0.14_0.05_0.09_0.14_0.24_0.18_0.19_0.11_0.20_0.08_0.20_0.09_0.18_0.12_0.09_0.16_0.28_0.14_0.11_0.11_0.20_0.13_0.13_0.34_0.09_0.16_0.11_0.08_0.09_0.13_0.10_0.10_0.08_0.17_0.14_0.14_0.22_0.10_0.07_0.11_0.20_0.09_0.10_0.07_0.11_0.06_0.07_0.17_0.20_0.09_0.10_0.14_0.11_0.15_0.15_0.11_0.37_0.10_0.12_0.30_0.10_0.11_0.09_0.23_0.24_0.14_0.10_0.17_0.19_0.09_0.10_0.09_0.09_0.09_0.16_0.14_0.12_0.18_0.09_0.19_0.18_0.09_0.13_0.10_0.12_0.09_0.09_0.14_0.09_0.18_0.11_0.16_0.10_0.12_0.12_0.11_0.15_0.09_0.09_0.10_0.09_0.09_0.10_0.65_0.15_0.10_0.11_0.10_0.12_0.09_0.11
0006_wikipedia_tokenized.json,4,1,1.0,140,True,43.56061840057373,16_8_7_23_6_7_5_10_15_10_22_4_5_15_11_9_19_5_5_19_6_13_6_6_11_6_4_5_7_7_8_9_7_17_4_5_10_7_6_6_4_9_6_31_5_15_8_7_8_6_5_47_8_4_5_23_6_12_12_7_8_6_7_8_15_14_12_13_5_10_6_6_17_13_6_4_9_9_5_21_4_6_6_7_8_18_6_4_14_10_6_17_15_9_16_14_8_6_7_6_15_7_5_18_7_11_9_5_9_28_8_6_6_6_15_14_7_19_9_12_10_6_17_11_6_10_7_10_9_3_9_9_17_8_5_4_4_26_6_14,0.26_0.13_0.12_0.39_0.10_0.12_0.08_0.17_0.25_0.18_0.37_0.08_0.09_0.26_0.19_0.15_0.32_0.08_0.09_0.31_0.11_0.21_0.11_0.10_0.18_0.11_0.07_0.09_0.12_0.12_0.13_0.15_0.12_0.29_0.07_0.09_0.17_0.12_0.11_0.10_0.07_0.16_0.10_0.53_0.09_0.26_0.14_0.13_0.14_0.11_0.09_0.80_0.14_0.08_0.09_0.40_0.11_0.22_0.21_0.13_0.14_0.10_0.13_0.14_0.27_0.24_0.22_0.22_0.09_0.17_0.11_0.11_0.29_0.22_0.11_0.08_0.15_0.16_0.09_0.36_0.07_0.11_0.11_0.11_0.14_0.30_0.10_0.08_0.23_0.18_0.10_0.30_0.25_0.17_0.27_0.26_0.14_0.11_0.12_0.11_0.26_0.12_0.10_0.30_0.13_0.18_0.15_0.09_0.16_0.48_0.14_0.11_0.11_0.11_0.25_0.25_0.12_0.33_0.15_0.21_0.16_0.10_0.28_0.19_0.11_0.17_0.13_0.17_0.16_0.06_0.16_0.16_0.28_0.14_0.08_0.07_0.08_0.43_0.11_0.24
0006_wikipedia_tokenized.json,5,1,1.0,140,True,40.85659098625183,17_6_7_5_3_7_8_34_8_10_9_7_6_20_10_6_5_5_10_5_27_8_6_5_5_4_10_14_10_5_8_5_10_4_7_5_7_9_9_14_5_21_5_7_6_9_7_9_4_18_6_13_8_8_6_5_5_5_11_11_5_5_5_7_11_6_6_6_8_6_6_6_6_12_11_7_16_10_5_8_6_6_13_11_7_25_14_5_4_9_5_6_6_12_5_6_6_7_5_4_7_21_14_9_8_10_5_12_7_14_5_6_8_14_15_8_7_10_6_13_7_11_5_7_7_8_7_9_6_28_6_5_11_8_7_7_13_18_4_7,0.26_0.11_0.11_0.09_0.06_0.11_0.13_0.56_0.14_0.17_0.16_0.12_0.10_0.34_0.18_0.10_0.09_0.09_0.17_0.09_0.45_0.14_0.10_0.09_0.09_0.07_0.17_0.24_0.17_0.09_0.13_0.09_0.18_0.07_0.12_0.09_0.12_0.16_0.15_0.24_0.08_0.35_0.08_0.12_0.11_0.15_0.12_0.15_0.07_0.32_0.11_0.23_0.13_0.14_0.11_0.09_0.09_0.09_0.19_0.20_0.09_0.09_0.09_0.12_0.20_0.10_0.11_0.11_0.13_0.10_0.11_0.11_0.11_0.21_0.19_0.13_0.27_0.18_0.09_0.15_0.10_0.11_0.23_0.19_0.13_0.42_0.23_0.09_0.08_0.15_0.09_0.11_0.11_0.22_0.09_0.11_0.11_0.12_0.09_0.08_0.12_0.36_0.23_0.16_0.14_0.18_0.08_0.21_0.13_0.24_0.09_0.10_0.14_0.23_0.26_0.13_0.12_0.17_0.11_0.24_0.12_0.20_0.08_0.12_0.13_0.13_0.12_0.16_0.11_0.48_0.11_0.09_0.19_0.15_0.12_0.12_0.22_0.32_0.07_0.12
0006_wikipedia_tokenized.json,6,1,1.0,140,True,44.12312912940979,15_63_6_5_5_7_53_9_17_12_6_13_7_6_8_13_8_9_5_20_7_27_5_7_5_4_5_8_6_6_8_6_6_11_6_8_10_6_6_9_6_8_6_9_15_5_6_6_12_26_6_5_8_8_5_8_7_35_7_6_6_6_11_8_6_8_10_10_10_5_37_4_6_13_16_7_11_5_7_7_8_5_9_9_16_7_6_9_6_12_9_7_29_6_6_6_5_11_4_6_11_6_9_6_19_10_5_11_5_11_7_86_9_6_6_8_9_11_6_13_12_5_7_7_6_11_6_8_7_6_5_6_6_10_6_9_5_13_5_28,0.23_1.06_0.10_0.09_0.09_0.12_0.89_0.15_0.29_0.20_0.11_0.22_0.12_0.11_0.14_0.23_0.13_0.15_0.09_0.34_0.12_0.46_0.08_0.12_0.09_0.07_0.09_0.14_0.10_0.11_0.14_0.10_0.11_0.18_0.10_0.14_0.17_0.11_0.10_0.15_0.11_0.14_0.10_0.16_0.26_0.09_0.11_0.11_0.20_0.45_0.10_0.09_0.14_0.14_0.09_0.13_0.12_0.59_0.12_0.10_0.11_0.10_0.18_0.14_0.11_0.14_0.17_0.19_0.17_0.09_0.63_0.08_0.10_0.23_0.27_0.13_0.18_0.09_0.13_0.12_0.15_0.09_0.16_0.17_0.27_0.13_0.10_0.15_0.11_0.21_0.17_0.12_0.49_0.10_0.11_0.11_0.08_0.19_0.07_0.11_0.18_0.10_0.16_0.11_0.34_0.17_0.10_0.18_0.10_0.18_0.12_1.43_0.15_0.10_0.11_0.14_0.16_0.18_0.10_0.22_0.20_0.09_0.12_0.12_0.11_0.19_0.11_0.13_0.12_0.11_0.09_0.10_0.11_0.17_0.11_0.15_0.09_0.23_0.09_0.48
0006_wikipedia_tokenized.json,7,1,1.0,140,True,42.41686463356018,22_5_11_5_5_24_6_11_5_5_5_10_4_10_10_6_20_6_7_54_6_8_7_8_6_7_10_7_11_9_8_8_6_6_26_11_5_8_10_5_21_12_6_14_5_19_9_7_7_6_4_5_11_7_9_7_6_9_5_4_7_10_6_8_7_17_9_6_17_9_5_10_5_9_9_5_11_6_10_5_4_7_13_5_9_42_7_10_7_12_4_14_7_12_9_5_4_6_12_9_9_9_5_9_4_7_6_6_8_5_6_8_9_7_16_7_7_13_5_7_6_12_9_7_7_8_5_9_7_11_7_8_90_6_9_7_6_14_7_8,0.34_0.08_0.18_0.08_0.09_0.39_0.11_0.18_0.09_0.09_0.09_0.17_0.07_0.17_0.18_0.10_0.34_0.10_0.11_0.89_0.10_0.14_0.11_0.13_0.10_0.13_0.18_0.11_0.18_0.15_0.14_0.14_0.10_0.10_0.43_0.20_0.08_0.13_0.18_0.09_0.37_0.20_0.11_0.23_0.09_0.31_0.16_0.12_0.12_0.11_0.07_0.08_0.19_0.12_0.16_0.12_0.10_0.16_0.09_0.08_0.12_0.17_0.11_0.13_0.12_0.28_0.16_0.11_0.29_0.15_0.09_0.19_0.08_0.15_0.16_0.09_0.21_0.10_0.18_0.09_0.07_0.13_0.22_0.09_0.16_0.70_0.12_0.17_0.12_0.22_0.07_0.24_0.11_0.20_0.16_0.09_0.08_0.11_0.20_0.16_0.16_0.17_0.08_0.15_0.08_0.12_0.10_0.11_0.14_0.09_0.11_0.14_0.16_0.12_0.28_0.11_0.12_0.22_0.09_0.13_0.10_0.21_0.15_0.12_0.13_0.13_0.08_0.16_0.12_0.20_0.11_0.13_1.51_0.11_0.16_0.12_0.11_0.25_0.12_0.15
0006_wikipedia_tokenized.json,8,1,1.0,140,True,42.17037057876587,18_12_7_5_8_5_8_13_11_6_10_11_6_15_29_5_6_20_35_6_12_11_5_4_6_6_5_5_7_45_9_5_6_20_11_21_6_5_7_20_6_8_6_7_10_9_5_5_16_10_5_6_13_5_18_8_10_7_7_14_5_5_6_9_8_7_5_10_6_7_3_12_5_5_8_13_7_6_6_14_13_7_7_7_6_9_15_6_6_5_6_7_7_6_11_5_6_9_7_17_20_5_56_8_6_7_6_6_19_7_4_7_6_11_5_5_8_6_7_7_8_6_12_4_6_5_5_35_6_23_10_4_5_9_14_9_4_16_6_10,0.28_0.19_0.11_0.09_0.13_0.08_0.14_0.22_0.19_0.10_0.17_0.19_0.10_0.25_0.50_0.09_0.11_0.32_0.59_0.11_0.19_0.19_0.08_0.07_0.11_0.10_0.08_0.09_0.12_0.74_0.16_0.08_0.10_0.34_0.18_0.35_0.10_0.09_0.12_0.35_0.10_0.14_0.10_0.12_0.18_0.15_0.09_0.09_0.27_0.18_0.09_0.11_0.22_0.09_0.31_0.14_0.18_0.12_0.13_0.23_0.09_0.09_0.11_0.16_0.14_0.12_0.09_0.17_0.10_0.13_0.06_0.22_0.08_0.09_0.15_0.22_0.13_0.10_0.11_0.26_0.22_0.13_0.12_0.12_0.11_0.16_0.27_0.11_0.11_0.09_0.11_0.13_0.11_0.10_0.20_0.09_0.10_0.16_0.12_0.31_0.34_0.09_0.93_0.14_0.10_0.13_0.11_0.11_0.33_0.12_0.08_0.12_0.11_0.20_0.09_0.08_0.14_0.11_0.13_0.11_0.14_0.11_0.20_0.08_0.11_0.09_0.09_0.58_0.10_0.40_0.16_0.07_0.09_0.15_0.25_0.15_0.07_0.27_0.10_0.18
0007_wikipedia_tokenized.json,0,1,1.0,160,True,46.40959453582764,32_10_5_11_10_7_7_15_5_10_7_7_5_6_19_5_7_11_5_12_18_5_4_7_6_7_4_13_7_9_9_4_24_19_6_6_7_9_6_6_11_5_11_4_5_12_5_6_3_18_7_5_7_6_6_6_4_6_9_20_7_4_5_8_4_5_14_8_6_7_6_8_7_34_7_11_10_6_5_6_5_5_11_22_9_35_6_5_6_10_4_5_30_10_6_5_5_41_6_4_6_7_17_25_5_9_6_5_7_8_8_7_12_5_5_5_5_6_8_7_4_9_4_4_17_5_6_13_6_6_15_4_8_5_9_4_5_7_9_9_18_4_7_7_21_5_8_9_5_5_7_6_11_6_6_12_5_7_11_5,0.50_0.18_0.08_0.18_0.17_0.12_0.13_0.24_0.09_0.17_0.12_0.13_0.08_0.10_0.32_0.08_0.12_0.18_0.09_0.20_0.31_0.08_0.07_0.13_0.10_0.12_0.07_0.21_0.13_0.15_0.15_0.07_0.40_0.31_0.11_0.11_0.12_0.17_0.10_0.10_0.20_0.09_0.19_0.07_0.09_0.22_0.09_0.10_0.06_0.30_0.13_0.09_0.12_0.11_0.11_0.11_0.08_0.11_0.16_0.34_0.13_0.07_0.09_0.15_0.07_0.09_0.24_0.14_0.11_0.12_0.10_0.15_0.12_0.58_0.13_0.18_0.17_0.11_0.09_0.11_0.10_0.09_0.19_0.36_0.17_0.60_0.11_0.10_0.11_0.17_0.08_0.08_0.52_0.17_0.11_0.08_0.09_0.69_0.11_0.07_0.11_0.12_0.29_0.41_0.09_0.15_0.10_0.09_0.12_0.15_0.13_0.12_0.22_0.09_0.09_0.09_0.09_0.10_0.14_0.12_0.07_0.14_0.07_0.08_0.28_0.09_0.10_0.22_0.11_0.10_0.26_0.07_0.14_0.09_0.15_0.07_0.09_0.12_0.16_0.15_0.31_0.07_0.12_0.13_0.34_0.09_0.14_0.16_0.09_0.09_0.13_0.10_0.19_0.11_0.11_0.22_0.08_0.12_0.20_0.09
0007_wikipedia_tokenized.json,1,1,1.0,160,True,44.28262519836426,22_6_15_3_5_4_8_9_5_9_13_56_6_6_8_21_15_4_6_8_7_11_5_7_8_7_7_7_5_4_10_5_6_6_7_18_7_6_5_8_6_8_7_7_8_13_6_5_5_7_8_5_8_5_6_7_10_8_8_6_4_4_5_6_7_5_9_11_17_6_6_11_6_9_5_7_12_4_16_11_5_5_9_14_4_13_8_15_5_5_7_8_5_9_4_3_6_5_12_10_19_6_6_6_6_6_6_11_7_9_5_13_9_6_4_8_5_5_5_7_6_6_7_11_6_6_4_5_6_5_12_5_7_6_10_4_5_6_6_7_12_4_7_7_14_5_6_11_27_5_14_8_4_6_7_8_5_5_6_6,0.34_0.11_0.24_0.05_0.09_0.07_0.13_0.15_0.08_0.16_0.21_0.93_0.10_0.10_0.14_0.35_0.25_0.07_0.11_0.13_0.12_0.19_0.09_0.13_0.13_0.12_0.12_0.12_0.09_0.07_0.17_0.09_0.11_0.10_0.13_0.29_0.13_0.10_0.09_0.15_0.10_0.14_0.13_0.12_0.14_0.21_0.10_0.09_0.08_0.12_0.14_0.09_0.14_0.09_0.11_0.13_0.16_0.13_0.15_0.11_0.08_0.08_0.09_0.10_0.13_0.10_0.16_0.18_0.29_0.10_0.10_0.19_0.11_0.17_0.08_0.12_0.21_0.07_0.29_0.19_0.10_0.09_0.16_0.25_0.08_0.24_0.14_0.26_0.08_0.09_0.13_0.14_0.08_0.16_0.07_0.06_0.11_0.09_0.21_0.16_0.33_0.10_0.10_0.11_0.10_0.11_0.11_0.19_0.13_0.15_0.09_0.22_0.15_0.11_0.07_0.14_0.09_0.09_0.08_0.13_0.10_0.11_0.12_0.18_0.11_0.10_0.07_0.09_0.11_0.09_0.22_0.09_0.13_0.10_0.17_0.08_0.09_0.11_0.11_0.12_0.21_0.07_0.12_0.13_0.24_0.10_0.11_0.19_0.45_0.10_0.23_0.15_0.07_0.11_0.13_0.13_0.09_0.10_0.10_0.10
0007_wikipedia_tokenized.json,2,1,1.0,160,True,48.523287773132324,18_7_11_9_5_6_14_7_28_26_8_9_8_5_28_20_18_5_5_63_17_5_7_8_5_5_13_6_5_15_7_7_7_5_8_5_7_22_16_6_8_7_7_6_6_11_7_5_10_15_4_5_8_4_4_57_5_7_8_6_4_5_7_6_6_6_7_17_7_9_11_6_6_5_7_4_8_9_7_5_16_6_7_5_6_15_7_14_14_12_6_9_13_11_4_7_5_8_5_7_6_6_7_7_10_13_6_5_6_5_5_14_6_4_6_19_4_5_4_8_5_16_7_6_7_9_6_5_14_7_5_5_7_16_6_4_11_6_6_11_47_7_14_7_22_6_5_7_4_7_6_4_14_7_9_10_12_8_7_14,0.28_0.12_0.18_0.16_0.09_0.10_0.23_0.12_0.46_0.45_0.13_0.15_0.14_0.09_0.46_0.33_0.31_0.08_0.08_1.05_0.30_0.09_0.12_0.14_0.09_0.09_0.22_0.10_0.09_0.25_0.13_0.12_0.12_0.09_0.13_0.09_0.12_0.37_0.27_0.11_0.14_0.12_0.13_0.10_0.10_0.20_0.12_0.09_0.17_0.26_0.07_0.09_0.14_0.08_0.07_0.96_0.09_0.12_0.14_0.10_0.07_0.09_0.12_0.11_0.11_0.10_0.13_0.28_0.13_0.15_0.19_0.11_0.11_0.10_0.12_0.07_0.15_0.15_0.12_0.10_0.27_0.11_0.12_0.09_0.11_0.26_0.13_0.24_0.25_0.21_0.11_0.15_0.24_0.19_0.07_0.13_0.09_0.15_0.09_0.12_0.11_0.10_0.12_0.13_0.17_0.24_0.10_0.09_0.11_0.09_0.09_0.24_0.11_0.08_0.10_0.33_0.07_0.09_0.08_0.13_0.09_0.27_0.12_0.11_0.11_0.15_0.11_0.09_0.25_0.12_0.09_0.09_0.12_0.28_0.10_0.07_0.20_0.11_0.11_0.19_0.80_0.13_0.24_0.13_0.37_0.11_0.09_0.12_0.08_0.12_0.12_0.08_0.24_0.13_0.16_0.19_0.20_0.14_0.12_0.24
0007_wikipedia_tokenized.json,3,1,1.0,160,True,44.832735776901245,28_16_6_11_7_10_9_7_6_14_5_6_5_13_5_8_6_7_11_9_10_15_23_9_11_8_7_13_26_7_9_6_7_10_8_6_7_7_7_5_5_13_9_10_5_11_7_7_6_8_5_9_9_20_19_11_5_8_6_8_5_9_4_6_9_14_7_6_3_8_6_6_8_5_6_4_5_5_12_6_6_7_9_7_7_12_5_6_6_7_5_5_4_9_4_5_7_9_4_6_9_13_8_7_6_20_5_8_5_6_7_6_12_6_10_7_8_7_9_5_9_4_4_7_11_6_8_6_6_9_5_6_10_6_6_6_5_9_5_10_10_6_34_6_6_10_5_6_11_5_4_5_6_8_5_8_5_6_6_7,0.45_0.26_0.11_0.18_0.13_0.16_0.15_0.12_0.10_0.24_0.08_0.10_0.09_0.21_0.09_0.14_0.10_0.13_0.18_0.16_0.17_0.25_0.38_0.16_0.18_0.14_0.12_0.22_0.43_0.13_0.15_0.10_0.13_0.17_0.15_0.10_0.12_0.13_0.12_0.08_0.09_0.22_0.16_0.17_0.09_0.19_0.12_0.13_0.10_0.14_0.09_0.16_0.17_0.33_0.32_0.19_0.09_0.14_0.11_0.14_0.09_0.16_0.08_0.10_0.16_0.23_0.13_0.10_0.06_0.15_0.11_0.11_0.14_0.09_0.12_0.08_0.09_0.10_0.20_0.11_0.11_0.12_0.17_0.12_0.12_0.22_0.09_0.11_0.11_0.12_0.10_0.09_0.07_0.17_0.07_0.09_0.13_0.15_0.07_0.11_0.16_0.23_0.13_0.12_0.11_0.34_0.10_0.14_0.10_0.10_0.12_0.11_0.20_0.11_0.17_0.12_0.15_0.12_0.16_0.09_0.15_0.08_0.07_0.12_0.20_0.10_0.14_0.11_0.10_0.16_0.09_0.10_0.18_0.10_0.10_0.11_0.09_0.15_0.09_0.17_0.18_0.10_0.58_0.10_0.11_0.17_0.10_0.11_0.19_0.09_0.07_0.09_0.11_0.14_0.09_0.14_0.09_0.11_0.11_0.12
0007_wikipedia_tokenized.json,4,1,1.0,160,True,49.18033409118652,14_8_13_5_7_8_40_10_7_5_6_11_5_5_7_7_18_8_11_12_5_9_8_6_42_59_7_28_3_4_6_11_7_6_14_9_16_7_7_7_9_7_6_5_10_9_14_6_12_20_6_6_6_5_7_6_6_6_6_6_10_8_14_18_6_6_60_6_12_7_6_5_11_12_5_12_7_4_5_7_12_5_9_15_6_9_7_7_5_7_4_14_13_9_14_4_6_8_11_8_10_13_4_12_11_9_14_10_7_21_5_6_18_10_7_4_4_11_8_10_8_9_30_4_7_9_8_8_9_5_7_6_6_6_7_22_5_8_11_8_26_12_5_9_8_20_6_8_10_11_6_7_4_16_6_7_6_8_5_4,0.21_0.14_0.21_0.08_0.12_0.14_0.67_0.18_0.12_0.09_0.10_0.18_0.09_0.08_0.12_0.12_0.29_0.14_0.18_0.21_0.08_0.15_0.14_0.10_0.70_0.98_0.12_0.47_0.06_0.07_0.10_0.19_0.11_0.10_0.24_0.15_0.28_0.12_0.13_0.11_0.15_0.13_0.10_0.09_0.17_0.15_0.24_0.11_0.22_0.33_0.11_0.10_0.10_0.09_0.12_0.10_0.11_0.11_0.11_0.11_0.17_0.15_0.23_0.31_0.10_0.11_0.99_0.11_0.20_0.13_0.10_0.09_0.20_0.20_0.10_0.20_0.12_0.08_0.09_0.12_0.21_0.09_0.17_0.25_0.11_0.15_0.12_0.13_0.09_0.13_0.08_0.24_0.23_0.16_0.25_0.07_0.11_0.14_0.19_0.15_0.17_0.24_0.07_0.21_0.18_0.15_0.23_0.17_0.13_0.36_0.09_0.11_0.32_0.18_0.13_0.07_0.07_0.19_0.14_0.17_0.13_0.15_0.49_0.08_0.11_0.15_0.14_0.14_0.17_0.08_0.12_0.11_0.10_0.10_0.13_0.37_0.09_0.14_0.20_0.14_0.45_0.20_0.09_0.16_0.15_0.33_0.11_0.13_0.18_0.18_0.11_0.13_0.07_0.28_0.10_0.12_0.11_0.14_0.09_0.08
0007_wikipedia_tokenized.json,5,1,1.0,160,True,48.20719933509827,23_4_6_4_5_23_9_9_5_7_5_8_6_18_6_14_18_7_4_7_6_19_5_6_10_5_17_6_8_4_5_5_9_19_7_6_6_4_7_5_7_5_7_9_8_9_5_12_4_8_5_12_5_6_4_19_6_20_6_8_6_5_6_6_34_11_8_4_18_6_8_8_5_8_8_10_6_5_5_7_6_9_24_9_5_28_6_9_8_17_7_17_12_5_6_6_5_5_5_12_9_8_7_8_11_7_5_13_12_6_27_5_6_12_5_33_6_5_8_21_11_7_6_7_6_12_5_12_5_7_6_5_33_9_8_9_7_8_31_8_9_6_12_15_12_7_5_14_8_7_4_9_10_10_5_35_7_8_23_6,0.37_0.07_0.11_0.07_0.08_0.39_0.15_0.16_0.08_0.12_0.09_0.13_0.10_0.30_0.10_0.23_0.31_0.11_0.07_0.12_0.10_0.32_0.08_0.10_0.18_0.09_0.29_0.10_0.14_0.07_0.09_0.09_0.16_0.31_0.12_0.10_0.11_0.08_0.12_0.09_0.12_0.09_0.13_0.15_0.13_0.16_0.09_0.21_0.07_0.14_0.09_0.20_0.09_0.11_0.07_0.33_0.10_0.35_0.10_0.14_0.10_0.09_0.12_0.10_0.56_0.18_0.14_0.07_0.33_0.11_0.14_0.14_0.09_0.15_0.14_0.18_0.11_0.09_0.10_0.12_0.11_0.17_0.40_0.15_0.09_0.48_0.11_0.15_0.14_0.29_0.12_0.29_0.20_0.09_0.11_0.11_0.09_0.09_0.09_0.20_0.15_0.14_0.12_0.14_0.18_0.12_0.09_0.22_0.22_0.11_0.45_0.09_0.11_0.19_0.09_0.54_0.10_0.09_0.14_0.34_0.19_0.12_0.11_0.11_0.10_0.21_0.09_0.21_0.08_0.12_0.11_0.08_0.56_0.15_0.14_0.15_0.13_0.14_0.52_0.14_0.16_0.11_0.22_0.25_0.22_0.12_0.09_0.23_0.14_0.13_0.07_0.16_0.18_0.16_0.09_0.58_0.13_0.14_0.39_0.10
0007_wikipedia_tokenized.json,6,1,1.0,160,True,46.43809223175049,30_15_5_4_7_6_4_6_6_26_5_7_9_5_17_8_11_4_7_55_10_5_5_5_14_6_5_6_13_6_8_4_14_5_11_6_10_8_6_6_5_13_6_4_11_9_9_6_6_14_4_12_7_4_7_10_14_18_5_7_6_12_10_11_7_6_4_17_7_7_4_6_12_7_14_8_8_6_7_10_11_6_5_22_4_10_11_13_5_18_8_6_11_5_4_11_10_6_5_7_7_7_8_6_13_17_4_6_4_6_5_5_7_15_5_8_9_14_6_5_9_3_7_6_10_5_5_6_6_4_22_6_17_8_4_11_6_10_10_10_6_8_5_4_10_5_8_9_8_7_8_6_10_7_4_7_10_6_7_5,0.47_0.24_0.09_0.06_0.12_0.11_0.06_0.10_0.11_0.43_0.09_0.12_0.16_0.08_0.29_0.14_0.18_0.07_0.12_0.93_0.16_0.08_0.09_0.08_0.24_0.10_0.09_0.11_0.21_0.11_0.14_0.07_0.25_0.08_0.19_0.10_0.17_0.14_0.10_0.10_0.09_0.22_0.11_0.07_0.19_0.16_0.15_0.11_0.10_0.23_0.07_0.20_0.13_0.07_0.12_0.18_0.24_0.31_0.09_0.13_0.10_0.21_0.17_0.19_0.13_0.11_0.08_0.29_0.13_0.12_0.07_0.11_0.20_0.12_0.24_0.14_0.15_0.11_0.13_0.17_0.19_0.11_0.09_0.39_0.07_0.19_0.18_0.23_0.09_0.32_0.13_0.10_0.19_0.09_0.08_0.18_0.17_0.11_0.09_0.12_0.13_0.12_0.15_0.10_0.22_0.28_0.08_0.11_0.07_0.10_0.09_0.09_0.13_0.25_0.09_0.15_0.16_0.25_0.11_0.09_0.16_0.06_0.13_0.10_0.17_0.09_0.08_0.10_0.11_0.07_0.39_0.11_0.30_0.14_0.07_0.19_0.11_0.18_0.17_0.19_0.10_0.14_0.09_0.07_0.18_0.09_0.14_0.17_0.14_0.12_0.14_0.11_0.18_0.12_0.07_0.13_0.17_0.12_0.12_0.09
0007_wikipedia_tokenized.json,7,1,1.0,160,True,53.79177808761597,351_7_9_5_6_7_8_5_17_11_6_9_6_5_24_9_7_11_9_8_18_5_7_7_9_5_10_6_3_8_7_7_5_7_17_5_8_5_7_5_7_9_8_8_11_8_7_14_7_73_12_8_6_10_4_20_8_15_10_9_8_10_5_10_6_8_5_9_5_10_7_6_8_5_8_6_10_5_10_5_5_8_8_21_10_10_8_6_6_13_5_7_8_20_6_6_5_4_4_5_7_8_14_9_10_5_25_7_7_9_6_4_8_19_13_9_5_4_6_7_5_6_3_11_4_6_4_5_6_14_24_5_13_6_5_7_8_13_7_15_11_7_6_5_12_7_9_89_10_10_4_7_9_6_6_11_11_55_6_8,5.53_0.12_0.16_0.08_0.10_0.12_0.14_0.09_0.28_0.19_0.10_0.15_0.11_0.08_0.42_0.15_0.13_0.18_0.15_0.14_0.30_0.09_0.12_0.13_0.15_0.09_0.18_0.10_0.06_0.14_0.12_0.12_0.09_0.12_0.30_0.09_0.13_0.09_0.12_0.09_0.12_0.15_0.15_0.13_0.19_0.13_0.12_0.25_0.12_1.24_0.22_0.14_0.10_0.17_0.07_0.35_0.14_0.27_0.17_0.16_0.14_0.18_0.09_0.17_0.11_0.14_0.09_0.16_0.09_0.19_0.12_0.11_0.15_0.09_0.15_0.11_0.17_0.10_0.17_0.10_0.10_0.14_0.15_0.35_0.18_0.17_0.15_0.10_0.10_0.23_0.09_0.13_0.13_0.34_0.10_0.10_0.09_0.07_0.07_0.09_0.11_0.13_0.24_0.15_0.18_0.09_0.42_0.12_0.13_0.15_0.10_0.07_0.14_0.33_0.22_0.16_0.08_0.07_0.11_0.12_0.08_0.11_0.05_0.19_0.07_0.10_0.07_0.09_0.10_0.25_0.39_0.09_0.22_0.11_0.08_0.12_0.14_0.22_0.13_0.25_0.20_0.12_0.10_0.09_0.20_0.13_0.14_1.46_0.17_0.17_0.08_0.11_0.15_0.11_0.10_0.19_0.18_0.91_0.10_0.13
0007_wikipedia_tokenized.json,8,1,1.0,160,True,46.623695373535156,22_8_13_5_5_7_6_15_27_9_6_16_7_15_7_8_29_5_5_8_8_8_5_4_8_18_10_5_6_14_7_5_5_6_3_15_6_12_6_4_9_7_10_5_6_26_9_14_11_8_3_17_35_6_7_7_4_9_7_6_9_6_13_6_18_12_8_7_8_8_14_12_5_7_8_10_36_6_4_10_5_4_5_8_5_11_7_11_5_6_4_14_10_6_5_7_6_6_12_13_8_5_4_11_9_7_15_6_6_10_14_8_10_8_44_13_5_7_4_6_8_7_4_7_5_8_5_5_5_7_6_5_6_5_15_7_5_7_6_47_4_9_8_3_5_10_17_7_5_13_5_7_6_9_4_4_6_8_16_4,0.34_0.13_0.21_0.09_0.08_0.11_0.11_0.24_0.44_0.16_0.09_0.26_0.12_0.25_0.12_0.13_0.48_0.08_0.09_0.13_0.13_0.13_0.08_0.08_0.13_0.30_0.16_0.08_0.11_0.22_0.12_0.09_0.09_0.11_0.06_0.24_0.11_0.19_0.11_0.07_0.15_0.13_0.16_0.08_0.11_0.43_0.15_0.23_0.18_0.13_0.06_0.27_0.58_0.11_0.11_0.12_0.07_0.15_0.12_0.11_0.15_0.11_0.21_0.11_0.29_0.21_0.13_0.12_0.14_0.14_0.25_0.20_0.10_0.11_0.13_0.18_0.60_0.11_0.08_0.16_0.09_0.08_0.08_0.13_0.09_0.18_0.13_0.18_0.08_0.11_0.07_0.24_0.16_0.10_0.09_0.12_0.10_0.11_0.20_0.23_0.14_0.09_0.07_0.18_0.16_0.12_0.25_0.10_0.10_0.18_0.23_0.14_0.16_0.14_0.72_0.22_0.09_0.11_0.07_0.11_0.13_0.12_0.07_0.12_0.08_0.14_0.09_0.09_0.09_0.12_0.11_0.09_0.10_0.09_0.24_0.11_0.09_0.12_0.11_0.78_0.07_0.16_0.13_0.06_0.10_0.16_0.29_0.11_0.09_0.23_0.09_0.13_0.10_0.15_0.08_0.07_0.10_0.14_0.26_0.08
0008_wikipedia_tokenized.json,0,1,1.0,180,True,52.605693101882935,40_13_12_10_4_14_5_13_5_7_3_4_6_11_5_10_24_5_6_9_10_4_8_5_16_5_4_8_19_10_6_7_9_4_16_14_8_5_11_6_6_6_9_5_10_10_5_7_16_17_6_32_8_5_9_10_6_7_5_5_7_5_4_6_12_7_4_5_8_14_6_7_5_13_11_6_17_4_7_6_8_14_8_7_8_8_10_7_14_4_8_7_5_6_14_5_5_10_14_14_6_4_6_23_19_5_5_4_7_10_7_5_10_7_5_7_6_11_7_10_7_6_9_4_7_8_5_16_7_5_9_4_6_12_5_5_73_6_6_13_17_6_6_21_6_6_4_9_5_8_6_10_6_7_7_8_4_53_5_14_7_12_12_5_5_6_6_11_6_5_23_5_8_9_7_6_8_6_14_3,0.62_0.22_0.19_0.17_0.07_0.24_0.08_0.21_0.09_0.11_0.05_0.07_0.10_0.18_0.09_0.17_0.40_0.08_0.11_0.14_0.17_0.07_0.13_0.09_0.26_0.08_0.07_0.13_0.32_0.17_0.11_0.11_0.15_0.07_0.26_0.25_0.13_0.08_0.18_0.10_0.11_0.10_0.15_0.09_0.17_0.18_0.08_0.12_0.27_0.28_0.10_0.54_0.14_0.09_0.15_0.16_0.11_0.12_0.09_0.09_0.12_0.09_0.08_0.10_0.21_0.11_0.07_0.09_0.13_0.24_0.10_0.12_0.09_0.21_0.20_0.10_0.29_0.07_0.12_0.11_0.13_0.24_0.13_0.12_0.14_0.14_0.18_0.11_0.24_0.07_0.14_0.13_0.08_0.10_0.24_0.09_0.10_0.16_0.24_0.23_0.10_0.07_0.10_0.39_0.31_0.09_0.09_0.07_0.12_0.18_0.13_0.08_0.17_0.13_0.09_0.12_0.11_0.18_0.12_0.16_0.12_0.11_0.15_0.07_0.11_0.13_0.09_0.26_0.13_0.08_0.15_0.08_0.10_0.21_0.09_0.09_1.21_0.11_0.11_0.22_0.28_0.10_0.11_0.34_0.11_0.10_0.07_0.16_0.09_0.15_0.10_0.17_0.11_0.12_0.13_0.14_0.07_0.89_0.08_0.24_0.12_0.20_0.20_0.09_0.10_0.10_0.10_0.20_0.10_0.08_0.38_0.10_0.14_0.15_0.13_0.10_0.14_0.11_0.23_0.06
0008_wikipedia_tokenized.json,1,1,1.0,180,True,50.2339608669281,26_9_6_4_4_5_28_6_19_5_10_5_13_7_5_7_6_13_5_6_7_6_8_5_8_7_7_15_4_8_8_8_8_6_5_6_11_4_5_6_8_6_8_4_6_8_6_5_5_25_8_11_9_28_5_5_5_5_5_4_6_6_21_9_7_8_8_6_17_5_7_5_7_11_9_4_8_10_6_6_5_7_20_4_16_24_4_4_6_22_5_7_8_17_5_5_12_8_4_8_5_5_6_5_18_14_5_6_5_6_5_5_11_17_5_48_5_5_8_12_5_6_4_5_4_8_4_12_7_9_6_5_6_7_5_6_5_6_4_6_11_4_6_8_8_6_5_6_5_5_6_5_8_12_29_4_11_9_6_5_11_7_8_7_10_7_12_5_6_6_10_6_6_18_11_5_7_9_9_11,0.41_0.15_0.10_0.07_0.06_0.09_0.46_0.09_0.32_0.08_0.16_0.09_0.21_0.13_0.09_0.12_0.11_0.21_0.08_0.10_0.12_0.11_0.13_0.08_0.14_0.11_0.12_0.25_0.07_0.14_0.13_0.13_0.14_0.10_0.08_0.10_0.18_0.07_0.09_0.10_0.14_0.10_0.13_0.07_0.10_0.13_0.11_0.08_0.08_0.41_0.14_0.17_0.16_0.45_0.09_0.08_0.09_0.09_0.09_0.07_0.11_0.10_0.36_0.15_0.13_0.13_0.14_0.11_0.28_0.09_0.11_0.09_0.13_0.19_0.17_0.07_0.14_0.18_0.11_0.11_0.09_0.12_0.35_0.07_0.28_0.40_0.07_0.07_0.10_0.36_0.09_0.11_0.14_0.29_0.09_0.09_0.19_0.14_0.08_0.14_0.10_0.09_0.10_0.09_0.29_0.25_0.08_0.10_0.09_0.10_0.08_0.09_0.18_0.30_0.09_0.79_0.09_0.09_0.14_0.19_0.09_0.11_0.07_0.09_0.08_0.13_0.07_0.21_0.12_0.16_0.10_0.09_0.11_0.11_0.09_0.11_0.08_0.10_0.08_0.10_0.19_0.08_0.10_0.14_0.14_0.10_0.09_0.10_0.09_0.10_0.10_0.09_0.14_0.20_0.49_0.07_0.19_0.15_0.11_0.08_0.19_0.12_0.14_0.13_0.16_0.12_0.20_0.09_0.11_0.10_0.17_0.11_0.11_0.31_0.19_0.10_0.11_0.15_0.16_0.19
0008_wikipedia_tokenized.json,2,1,1.0,180,True,51.74025630950928,20_12_7_9_16_6_6_11_10_6_6_11_5_16_7_7_22_11_5_27_31_22_6_6_49_6_7_6_7_4_6_11_5_5_8_26_8_7_7_9_5_8_12_8_5_21_5_7_5_6_5_10_5_12_13_14_5_10_13_5_11_5_8_10_7_5_10_6_7_7_5_9_19_5_10_8_6_5_5_12_6_6_12_7_6_4_13_4_4_7_5_6_21_38_6_5_6_10_5_4_12_10_8_5_7_7_6_6_6_5_10_6_9_11_4_6_12_5_5_6_14_7_8_4_7_4_16_9_5_4_6_5_6_13_7_7_4_6_22_5_16_6_5_10_10_17_4_10_6_8_5_5_12_4_5_5_7_13_10_4_10_10_6_6_9_4_7_7_6_5_6_10_16_7_8_5_5_8_16_5,0.31_0.19_0.11_0.16_0.26_0.10_0.10_0.18_0.16_0.10_0.11_0.18_0.08_0.26_0.11_0.12_0.36_0.18_0.08_0.44_0.51_0.37_0.10_0.10_0.80_0.10_0.12_0.10_0.12_0.07_0.10_0.18_0.09_0.08_0.13_0.42_0.15_0.11_0.11_0.16_0.09_0.14_0.20_0.13_0.09_0.34_0.09_0.12_0.09_0.11_0.09_0.17_0.09_0.20_0.22_0.23_0.09_0.17_0.23_0.09_0.19_0.09_0.14_0.18_0.12_0.08_0.18_0.11_0.13_0.11_0.09_0.16_0.31_0.09_0.17_0.15_0.10_0.09_0.09_0.20_0.11_0.11_0.20_0.13_0.11_0.07_0.22_0.07_0.08_0.12_0.09_0.11_0.34_0.62_0.11_0.09_0.10_0.17_0.09_0.08_0.20_0.17_0.14_0.09_0.13_0.12_0.10_0.11_0.10_0.09_0.18_0.10_0.16_0.17_0.07_0.11_0.20_0.09_0.09_0.10_0.25_0.12_0.14_0.08_0.12_0.07_0.26_0.15_0.09_0.07_0.10_0.09_0.10_0.23_0.11_0.12_0.08_0.10_0.38_0.09_0.28_0.10_0.08_0.17_0.17_0.29_0.07_0.18_0.10_0.13_0.09_0.09_0.21_0.07_0.09_0.10_0.12_0.22_0.17_0.07_0.18_0.16_0.10_0.11_0.15_0.08_0.12_0.12_0.11_0.08_0.10_0.18_0.26_0.13_0.14_0.09_0.09_0.14_0.29_0.09
0008_wikipedia_tokenized.json,3,1,1.0,180,True,51.827563762664795,23_5_27_8_5_6_6_5_7_7_6_9_5_5_9_14_6_5_8_6_18_9_6_81_8_8_7_11_5_11_7_7_20_7_3_7_5_7_5_11_6_9_27_8_16_13_9_13_15_18_6_16_7_6_10_8_7_11_11_5_5_5_7_7_7_16_10_7_11_8_5_8_6_19_12_14_7_9_7_8_6_9_14_7_10_14_17_6_5_8_6_8_13_5_6_6_4_5_8_6_10_3_6_6_10_17_5_5_7_9_5_4_4_4_5_8_4_8_4_5_7_7_6_7_5_9_5_8_5_6_10_5_15_6_7_7_13_7_12_8_20_5_4_8_6_8_7_7_4_7_4_8_8_8_6_14_4_7_13_5_13_6_9_10_6_8_6_5_8_6_7_4_34_11_7_8_6_6_6_5,0.34_0.08_0.44_0.12_0.08_0.10_0.09_0.08_0.12_0.11_0.10_0.15_0.08_0.09_0.15_0.23_0.11_0.08_0.14_0.10_0.29_0.15_0.10_1.33_0.14_0.13_0.12_0.18_0.08_0.19_0.12_0.12_0.32_0.13_0.05_0.12_0.09_0.12_0.09_0.20_0.10_0.15_0.44_0.14_0.26_0.23_0.15_0.23_0.25_0.30_0.10_0.27_0.12_0.11_0.16_0.14_0.12_0.18_0.20_0.09_0.09_0.09_0.12_0.12_0.12_0.27_0.17_0.12_0.20_0.14_0.10_0.14_0.10_0.33_0.20_0.23_0.12_0.16_0.12_0.15_0.10_0.15_0.24_0.12_0.18_0.23_0.29_0.10_0.09_0.13_0.10_0.14_0.22_0.09_0.10_0.10_0.07_0.08_0.13_0.11_0.17_0.05_0.11_0.10_0.18_0.27_0.10_0.09_0.12_0.16_0.08_0.07_0.07_0.07_0.09_0.14_0.07_0.13_0.07_0.08_0.12_0.12_0.10_0.11_0.09_0.15_0.09_0.13_0.09_0.11_0.16_0.08_0.25_0.10_0.13_0.11_0.22_0.11_0.20_0.14_0.34_0.09_0.07_0.14_0.10_0.14_0.13_0.12_0.07_0.13_0.07_0.14_0.14_0.14_0.11_0.23_0.08_0.12_0.22_0.09_0.21_0.11_0.14_0.16_0.11_0.14_0.11_0.08_0.14_0.11_0.11_0.07_0.56_0.20_0.12_0.15_0.10_0.10_0.11_0.08
0008_wikipedia_tokenized.json,4,1,1.0,180,True,57.160207986831665,32_5_10_4_6_18_10_62_8_5_39_7_9_5_9_7_7_10_7_7_18_11_14_8_6_4_8_6_28_36_12_12_19_5_5_13_10_9_5_6_12_7_7_11_9_6_5_5_9_6_16_7_20_6_5_8_6_6_24_11_11_4_4_6_11_17_10_12_22_12_6_9_6_9_9_6_13_6_5_15_14_5_5_8_12_7_126_6_9_5_4_10_6_7_4_9_6_4_10_6_17_11_6_8_6_12_5_9_6_8_6_26_11_8_5_8_11_7_7_6_5_7_11_11_7_5_16_10_6_8_9_7_16_16_8_37_4_8_10_14_11_7_12_7_8_33_5_8_10_14_8_6_7_26_7_21_5_12_6_8_12_7_4_7_7_5_7_18_7_10_8_7_6_5_6_7_7_6_5_4,0.48_0.08_0.16_0.07_0.09_0.30_0.16_1.02_0.13_0.08_0.64_0.11_0.15_0.09_0.15_0.12_0.12_0.16_0.12_0.11_0.30_0.18_0.24_0.13_0.10_0.07_0.13_0.10_0.45_0.58_0.20_0.20_0.30_0.08_0.09_0.21_0.18_0.15_0.08_0.11_0.20_0.12_0.11_0.18_0.15_0.10_0.09_0.08_0.15_0.11_0.26_0.13_0.32_0.11_0.09_0.14_0.11_0.10_0.41_0.18_0.19_0.07_0.08_0.11_0.19_0.28_0.17_0.21_0.38_0.20_0.11_0.16_0.11_0.16_0.15_0.11_0.22_0.10_0.09_0.25_0.25_0.09_0.10_0.14_0.20_0.13_2.07_0.10_0.16_0.09_0.07_0.17_0.10_0.13_0.07_0.15_0.11_0.07_0.16_0.11_0.28_0.19_0.10_0.15_0.10_0.20_0.09_0.15_0.11_0.13_0.10_0.43_0.20_0.13_0.08_0.14_0.18_0.13_0.11_0.10_0.09_0.11_0.18_0.18_0.12_0.09_0.26_0.18_0.10_0.14_0.15_0.12_0.28_0.26_0.14_0.62_0.07_0.15_0.16_0.24_0.18_0.12_0.20_0.12_0.14_0.56_0.09_0.14_0.17_0.24_0.14_0.10_0.13_0.42_0.13_0.35_0.09_0.20_0.11_0.14_0.21_0.11_0.07_0.13_0.12_0.08_0.13_0.29_0.13_0.17_0.15_0.11_0.10_0.09_0.10_0.12_0.13_0.10_0.10_0.08
0008_wikipedia_tokenized.json,5,1,1.0,180,True,54.64850211143494,23_5_17_6_20_9_12_30_6_5_5_7_11_7_10_6_6_4_6_13_20_5_58_10_8_5_6_9_12_4_5_7_5_20_5_6_5_5_5_8_12_11_6_7_6_20_5_14_4_7_13_14_13_5_36_5_7_6_11_6_10_5_5_5_14_8_6_5_7_8_4_29_6_6_6_16_12_7_5_6_6_5_20_6_6_10_14_10_4_5_5_5_16_6_7_8_9_6_12_10_7_10_10_13_10_7_20_5_5_5_10_5_4_6_18_12_8_8_9_5_16_8_14_6_7_8_21_13_8_6_7_5_15_7_21_7_9_13_10_12_11_6_13_9_6_17_7_20_6_12_18_10_6_6_11_14_22_5_7_11_10_6_29_7_8_15_7_7_6_6_16_11_7_8_8_9_7_5_12_8,0.35_0.08_0.27_0.10_0.32_0.15_0.19_0.49_0.10_0.09_0.08_0.12_0.19_0.13_0.17_0.10_0.10_0.07_0.10_0.21_0.33_0.08_0.95_0.16_0.14_0.08_0.10_0.15_0.19_0.07_0.08_0.12_0.09_0.32_0.09_0.10_0.08_0.09_0.08_0.13_0.20_0.19_0.11_0.12_0.11_0.32_0.09_0.23_0.07_0.13_0.22_0.25_0.22_0.09_0.59_0.08_0.11_0.11_0.18_0.11_0.16_0.09_0.09_0.08_0.24_0.14_0.10_0.09_0.11_0.13_0.07_0.48_0.10_0.10_0.11_0.26_0.21_0.12_0.09_0.11_0.11_0.10_0.33_0.11_0.10_0.16_0.23_0.17_0.08_0.08_0.09_0.09_0.26_0.11_0.11_0.13_0.15_0.10_0.21_0.16_0.12_0.17_0.17_0.22_0.17_0.13_0.32_0.09_0.09_0.08_0.17_0.09_0.07_0.11_0.30_0.20_0.13_0.14_0.15_0.09_0.26_0.13_0.23_0.10_0.12_0.13_0.35_0.22_0.14_0.10_0.11_0.09_0.25_0.13_0.34_0.12_0.15_0.23_0.17_0.22_0.18_0.11_0.21_0.15_0.11_0.28_0.12_0.33_0.11_0.20_0.30_0.17_0.11_0.11_0.20_0.23_0.38_0.09_0.13_0.18_0.17_0.11_0.49_0.12_0.14_0.24_0.12_0.12_0.10_0.11_0.26_0.20_0.11_0.13_0.15_0.15_0.13_0.08_0.20_0.14
0008_wikipedia_tokenized.json,6,1,1.0,180,True,52.45408368110657,32_5_6_24_6_6_7_6_9_7_6_8_7_6_17_6_6_8_9_8_6_28_21_8_8_7_5_8_10_6_6_5_8_7_8_7_5_14_9_5_4_11_6_4_6_24_4_8_6_16_5_15_5_7_10_5_5_9_8_12_5_5_3_6_9_8_6_4_6_10_18_5_6_6_12_13_11_5_8_7_11_4_7_11_6_12_7_10_6_25_6_8_9_8_9_11_19_4_8_12_14_5_7_7_15_14_5_4_8_15_7_4_6_10_5_11_8_6_15_5_7_5_5_6_4_5_14_7_4_5_26_5_5_10_7_4_4_59_6_7_12_7_6_6_5_21_12_8_9_7_7_6_8_9_8_10_10_6_6_10_7_5_8_10_6_57_6_5_8_16_20_10_8_7_5_5_9_5_13_4,0.49_0.09_0.10_0.40_0.10_0.10_0.12_0.10_0.15_0.11_0.10_0.14_0.12_0.10_0.28_0.10_0.10_0.13_0.15_0.13_0.10_0.45_0.36_0.13_0.14_0.11_0.08_0.14_0.16_0.11_0.10_0.08_0.14_0.11_0.13_0.12_0.08_0.23_0.14_0.08_0.07_0.18_0.10_0.07_0.10_0.40_0.07_0.14_0.10_0.27_0.09_0.25_0.09_0.12_0.17_0.09_0.09_0.16_0.13_0.20_0.09_0.09_0.05_0.11_0.15_0.15_0.10_0.07_0.11_0.16_0.31_0.09_0.10_0.11_0.20_0.23_0.19_0.10_0.14_0.12_0.20_0.07_0.12_0.19_0.11_0.21_0.12_0.18_0.10_0.43_0.10_0.14_0.15_0.14_0.16_0.18_0.33_0.07_0.14_0.19_0.24_0.08_0.12_0.13_0.24_0.25_0.09_0.07_0.14_0.25_0.13_0.07_0.10_0.17_0.09_0.20_0.13_0.10_0.24_0.09_0.13_0.08_0.09_0.11_0.07_0.09_0.24_0.12_0.08_0.09_0.44_0.08_0.09_0.18_0.12_0.07_0.07_0.97_0.11_0.12_0.21_0.11_0.10_0.11_0.08_0.36_0.20_0.15_0.14_0.12_0.13_0.10_0.14_0.15_0.13_0.18_0.17_0.11_0.10_0.17_0.13_0.09_0.14_0.17_0.10_0.94_0.10_0.10_0.13_0.27_0.33_0.18_0.13_0.12_0.09_0.09_0.16_0.09_0.22_0.08
0008_wikipedia_tokenized.json,7,1,1.0,180,True,55.804139852523804,34_6_5_11_4_5_5_16_34_6_5_5_15_5_5_7_14_7_10_7_9_13_10_5_10_6_5_14_5_6_56_5_4_10_22_7_10_5_7_5_7_7_8_4_9_8_5_8_5_9_15_7_31_9_7_5_8_8_6_8_8_8_13_8_28_63_11_6_7_10_4_31_5_7_7_7_14_6_6_6_6_5_7_9_59_24_12_8_7_4_6_8_14_11_8_6_9_6_5_15_36_5_5_7_5_10_6_8_6_8_4_7_6_6_4_12_14_6_11_5_10_4_34_10_5_8_7_6_6_13_7_7_10_5_8_7_5_7_5_6_13_6_16_5_6_21_50_5_12_4_5_9_11_15_7_12_8_6_8_7_12_8_8_10_11_8_7_6_6_6_11_11_8_47_6_9_7_8_4_5,0.53_0.10_0.08_0.18_0.07_0.08_0.08_0.26_0.56_0.10_0.09_0.08_0.25_0.09_0.09_0.12_0.22_0.11_0.17_0.12_0.16_0.21_0.17_0.09_0.17_0.11_0.08_0.23_0.09_0.10_0.93_0.08_0.07_0.17_0.36_0.12_0.17_0.09_0.11_0.09_0.12_0.11_0.14_0.07_0.15_0.14_0.09_0.13_0.09_0.14_0.25_0.11_0.52_0.15_0.13_0.08_0.14_0.14_0.10_0.14_0.13_0.13_0.22_0.14_0.46_1.05_0.18_0.11_0.12_0.18_0.07_0.53_0.09_0.13_0.12_0.12_0.25_0.11_0.11_0.10_0.11_0.10_0.11_0.15_0.98_0.41_0.20_0.14_0.12_0.07_0.11_0.13_0.25_0.18_0.14_0.10_0.15_0.11_0.08_0.25_0.59_0.08_0.09_0.13_0.08_0.17_0.11_0.14_0.11_0.14_0.07_0.13_0.10_0.10_0.07_0.19_0.24_0.10_0.18_0.09_0.17_0.08_0.55_0.16_0.09_0.14_0.12_0.10_0.11_0.22_0.13_0.12_0.17_0.09_0.14_0.13_0.08_0.12_0.09_0.10_0.22_0.11_0.26_0.11_0.10_0.36_0.83_0.09_0.19_0.07_0.09_0.15_0.20_0.24_0.13_0.20_0.14_0.11_0.14_0.13_0.19_0.14_0.14_0.17_0.19_0.14_0.13_0.10_0.10_0.11_0.18_0.19_0.13_0.77_0.11_0.15_0.12_0.14_0.07_0.09
0008_wikipedia_tokenized.json,8,1,1.0,180,True,51.405861377716064,34_7_6_5_8_5_14_19_7_8_9_8_10_5_9_9_6_6_11_14_10_13_7_6_26_5_8_5_4_5_11_8_5_6_5_6_10_7_11_21_4_6_13_6_5_12_8_5_9_5_6_15_5_8_5_9_8_6_8_10_12_10_11_6_29_11_10_6_7_8_8_7_6_10_8_6_6_9_5_7_25_6_8_24_6_7_9_8_9_19_6_8_10_7_6_7_4_4_8_6_14_7_12_4_15_19_6_6_5_8_8_11_15_7_7_10_6_4_5_12_8_7_7_7_10_13_5_45_7_5_8_5_9_6_6_6_6_6_9_7_9_7_17_5_5_7_5_15_4_6_5_4_6_11_5_9_5_7_10_15_8_5_10_6_7_6_11_6_5_4_8_9_5_6_7_6_8_8_23_4,0.53_0.11_0.10_0.08_0.13_0.09_0.23_0.31_0.11_0.14_0.15_0.14_0.16_0.08_0.16_0.15_0.10_0.11_0.18_0.24_0.17_0.23_0.12_0.10_0.42_0.09_0.12_0.08_0.07_0.08_0.18_0.14_0.09_0.11_0.09_0.10_0.17_0.11_0.18_0.34_0.07_0.11_0.22_0.11_0.08_0.20_0.14_0.09_0.16_0.08_0.10_0.26_0.09_0.14_0.08_0.15_0.14_0.10_0.14_0.17_0.20_0.17_0.18_0.11_0.48_0.18_0.17_0.10_0.12_0.15_0.13_0.12_0.11_0.17_0.15_0.10_0.10_0.16_0.09_0.12_0.41_0.11_0.13_0.41_0.11_0.13_0.15_0.13_0.16_0.31_0.11_0.14_0.18_0.11_0.10_0.13_0.07_0.07_0.15_0.10_0.25_0.11_0.20_0.08_0.25_0.31_0.10_0.11_0.09_0.14_0.14_0.18_0.26_0.12_0.13_0.16_0.10_0.07_0.09_0.21_0.13_0.12_0.13_0.12_0.17_0.21_0.08_0.74_0.12_0.09_0.14_0.09_0.16_0.10_0.10_0.11_0.10_0.10_0.16_0.12_0.15_0.13_0.29_0.09_0.09_0.12_0.09_0.25_0.08_0.10_0.09_0.08_0.10_0.19_0.09_0.15_0.10_0.12_0.17_0.25_0.14_0.09_0.16_0.11_0.12_0.11_0.20_0.10_0.08_0.07_0.13_0.16_0.09_0.11_0.13_0.10_0.14_0.15_0.38_0.08
0009_wikipedia_tokenized.json,0,1,1.0,200,True,58.1074903011322,22_11_5_10_10_6_29_9_8_4_9_8_7_5_8_10_10_7_6_28_6_6_5_8_5_4_4_7_7_10_12_4_11_10_6_8_7_6_15_6_6_8_7_11_5_9_9_7_10_22_9_5_10_5_10_5_10_10_28_9_5_4_6_10_7_41_8_4_10_9_7_9_4_5_10_4_6_7_7_8_5_5_10_6_5_31_4_14_6_10_4_4_9_6_5_5_8_7_8_5_8_8_22_7_97_18_6_5_11_4_5_8_10_6_6_9_6_13_5_4_4_8_5_6_6_5_16_9_5_5_6_15_40_5_5_6_7_6_6_10_5_11_12_6_9_4_4_7_4_5_18_4_4_17_6_6_11_10_7_8_5_9_5_9_7_4_9_4_5_10_7_7_6_20_7_15_9_5_5_8_5_8_5_7_9_5_6_28_7_6_7_6_8_7_12_4_7_16_5_18,0.33_0.19_0.08_0.17_0.16_0.10_0.48_0.16_0.12_0.07_0.16_0.13_0.12_0.09_0.13_0.17_0.16_0.11_0.10_0.46_0.09_0.10_0.09_0.13_0.08_0.07_0.06_0.12_0.12_0.16_0.21_0.06_0.18_0.17_0.10_0.14_0.11_0.10_0.26_0.10_0.11_0.13_0.12_0.19_0.09_0.15_0.15_0.12_0.18_0.36_0.15_0.09_0.18_0.08_0.16_0.09_0.17_0.18_0.46_0.15_0.09_0.08_0.10_0.17_0.13_0.68_0.14_0.08_0.16_0.16_0.11_0.15_0.08_0.08_0.17_0.08_0.10_0.12_0.12_0.14_0.10_0.08_0.17_0.11_0.09_0.51_0.07_0.24_0.10_0.18_0.07_0.07_0.17_0.10_0.09_0.09_0.13_0.12_0.14_0.09_0.14_0.13_0.37_0.11_1.59_0.29_0.11_0.09_0.18_0.07_0.08_0.13_0.17_0.10_0.11_0.14_0.10_0.23_0.09_0.07_0.07_0.14_0.08_0.11_0.10_0.09_0.26_0.15_0.09_0.09_0.11_0.24_0.66_0.10_0.09_0.10_0.13_0.10_0.10_0.18_0.09_0.18_0.20_0.10_0.16_0.07_0.07_0.13_0.07_0.08_0.30_0.07_0.08_0.28_0.11_0.10_0.18_0.17_0.12_0.14_0.08_0.15_0.09_0.16_0.12_0.07_0.15_0.07_0.09_0.17_0.12_0.13_0.10_0.34_0.12_0.26_0.15_0.08_0.09_0.14_0.10_0.14_0.09_0.13_0.14_0.09_0.11_0.47_0.11_0.10_0.13_0.10_0.14_0.12_0.20_0.08_0.12_0.27_0.08_0.31
0009_wikipedia_tokenized.json,1,1,1.0,200,True,54.495999813079834,20_11_10_9_5_5_7_6_5_8_6_4_7_6_7_12_6_6_4_10_7_5_6_9_33_6_5_9_4_7_7_6_8_8_6_5_5_11_6_4_6_7_6_4_4_7_11_7_6_13_5_7_10_5_5_6_6_10_6_5_5_4_6_12_6_7_5_5_6_10_8_10_8_6_10_8_4_6_5_6_23_7_6_15_6_11_15_4_6_13_6_15_16_7_4_7_5_5_8_9_14_5_5_8_8_5_8_4_7_11_6_12_11_8_5_27_8_4_6_13_9_5_8_4_25_5_4_6_6_8_7_4_8_5_6_7_8_8_5_9_7_5_7_9_6_5_7_10_5_5_6_7_5_6_4_12_6_12_5_10_12_17_5_21_8_5_7_9_6_6_5_8_9_10_6_5_15_10_7_5_17_8_5_3_7_7_14_6_5_19_6_5_4_4_6_7_10_5_8_10,0.30_0.18_0.16_0.14_0.09_0.08_0.11_0.10_0.08_0.13_0.10_0.07_0.11_0.11_0.12_0.21_0.09_0.10_0.07_0.16_0.12_0.09_0.10_0.15_0.55_0.10_0.09_0.16_0.07_0.12_0.13_0.10_0.13_0.14_0.10_0.09_0.09_0.18_0.11_0.07_0.10_0.13_0.10_0.07_0.08_0.12_0.18_0.13_0.10_0.22_0.09_0.12_0.18_0.09_0.09_0.11_0.10_0.18_0.10_0.09_0.10_0.08_0.11_0.22_0.10_0.12_0.09_0.08_0.10_0.17_0.14_0.18_0.13_0.11_0.17_0.14_0.08_0.10_0.09_0.11_0.38_0.13_0.11_0.27_0.11_0.19_0.24_0.07_0.11_0.22_0.11_0.25_0.29_0.12_0.08_0.14_0.09_0.10_0.13_0.15_0.25_0.09_0.10_0.13_0.14_0.09_0.13_0.07_0.13_0.19_0.11_0.20_0.19_0.13_0.09_0.46_0.14_0.08_0.10_0.23_0.14_0.08_0.14_0.07_0.43_0.09_0.08_0.11_0.10_0.15_0.11_0.07_0.14_0.08_0.10_0.13_0.14_0.15_0.09_0.16_0.13_0.08_0.12_0.16_0.11_0.09_0.13_0.17_0.09_0.08_0.11_0.13_0.08_0.10_0.07_0.20_0.11_0.20_0.09_0.18_0.20_0.29_0.09_0.35_0.13_0.09_0.12_0.16_0.10_0.10_0.10_0.13_0.15_0.17_0.11_0.10_0.25_0.18_0.12_0.09_0.30_0.14_0.10_0.05_0.12_0.13_0.23_0.12_0.09_0.32_0.11_0.09_0.08_0.07_0.10_0.13_0.17_0.09_0.15_0.17
0009_wikipedia_tokenized.json,2,1,1.0,200,True,59.84907865524292,24_8_13_8_6_11_7_7_8_23_5_5_8_18_7_7_14_6_46_8_6_32_11_4_13_19_8_7_6_44_17_6_9_6_4_6_10_8_5_6_5_11_6_6_5_8_8_50_13_6_10_6_8_5_6_9_5_4_11_5_5_4_6_10_5_36_5_6_9_8_5_5_6_5_7_6_18_14_6_6_13_4_8_7_6_9_9_8_5_4_5_8_7_6_5_9_5_17_14_7_7_13_15_7_6_10_6_8_6_7_6_7_10_7_3_11_5_4_10_5_4_12_5_5_6_17_5_7_5_9_5_17_11_14_4_7_6_5_11_10_22_5_6_21_5_16_17_7_12_9_13_7_5_6_7_10_5_18_6_8_5_8_19_8_8_9_8_6_5_13_8_9_5_15_5_5_6_13_12_10_4_4_11_13_8_11_10_5_8_7_12_16_4_10_8_17_6_15_9_13,0.39_0.13_0.22_0.13_0.10_0.19_0.12_0.13_0.13_0.39_0.08_0.08_0.14_0.30_0.12_0.12_0.24_0.10_0.76_0.14_0.10_0.54_0.19_0.08_0.22_0.33_0.13_0.13_0.10_0.73_0.29_0.10_0.16_0.10_0.07_0.11_0.16_0.14_0.09_0.10_0.09_0.18_0.10_0.11_0.08_0.13_0.14_0.83_0.23_0.10_0.17_0.11_0.14_0.09_0.10_0.15_0.09_0.07_0.19_0.09_0.09_0.07_0.11_0.17_0.10_0.60_0.09_0.11_0.16_0.14_0.09_0.09_0.11_0.09_0.13_0.11_0.32_0.24_0.11_0.10_0.23_0.07_0.14_0.13_0.10_0.15_0.16_0.14_0.09_0.07_0.09_0.15_0.11_0.10_0.09_0.15_0.08_0.28_0.24_0.11_0.12_0.23_0.25_0.12_0.10_0.18_0.10_0.14_0.11_0.12_0.10_0.13_0.17_0.13_0.05_0.18_0.09_0.07_0.17_0.09_0.07_0.21_0.08_0.09_0.11_0.28_0.10_0.12_0.09_0.16_0.08_0.29_0.18_0.25_0.07_0.12_0.11_0.08_0.19_0.17_0.38_0.09_0.10_0.35_0.09_0.27_0.30_0.12_0.21_0.15_0.22_0.13_0.09_0.11_0.12_0.17_0.10_0.30_0.11_0.13_0.09_0.14_0.32_0.14_0.14_0.16_0.14_0.11_0.09_0.22_0.15_0.15_0.09_0.25_0.09_0.09_0.11_0.23_0.19_0.18_0.07_0.07_0.20_0.22_0.15_0.18_0.18_0.09_0.14_0.13_0.20_0.28_0.07_0.17_0.14_0.29_0.11_0.25_0.16_0.22
0009_wikipedia_tokenized.json,3,1,1.0,200,True,56.94607472419739,40_13_7_5_9_6_11_17_9_15_7_5_6_5_5_4_5_7_6_14_16_13_21_6_10_7_4_5_7_5_8_11_5_7_6_8_5_5_10_7_18_15_8_11_7_12_5_5_5_19_6_9_18_5_5_11_12_9_15_10_5_9_30_10_9_9_9_11_13_18_7_16_11_40_8_5_6_8_8_5_7_4_9_8_5_19_11_9_5_5_6_8_8_19_14_6_6_12_12_11_6_9_9_5_5_17_8_6_5_6_8_6_8_5_7_6_5_5_9_6_5_3_6_10_9_10_5_5_4_6_6_5_4_5_5_6_5_13_5_7_9_13_8_6_7_8_5_8_13_5_6_9_12_4_5_4_8_10_12_5_8_5_5_9_5_4_9_8_6_11_5_7_8_7_8_6_5_5_7_6_15_9_7_5_5_10_6_7_10_5_4_4_13_6_7_10_4_6_6_8,0.63_0.22_0.12_0.09_0.15_0.10_0.19_0.28_0.16_0.25_0.12_0.08_0.10_0.09_0.08_0.07_0.09_0.11_0.10_0.23_0.27_0.21_0.35_0.10_0.17_0.12_0.07_0.09_0.12_0.09_0.15_0.18_0.08_0.12_0.10_0.14_0.09_0.09_0.17_0.12_0.30_0.24_0.14_0.18_0.11_0.20_0.09_0.10_0.09_0.32_0.10_0.15_0.30_0.09_0.09_0.18_0.21_0.15_0.26_0.16_0.09_0.16_0.51_0.17_0.16_0.15_0.16_0.18_0.22_0.30_0.13_0.27_0.19_0.67_0.14_0.09_0.11_0.14_0.15_0.09_0.12_0.08_0.15_0.15_0.09_0.32_0.18_0.15_0.09_0.09_0.10_0.14_0.14_0.33_0.23_0.11_0.10_0.21_0.20_0.19_0.10_0.15_0.16_0.09_0.09_0.28_0.14_0.11_0.09_0.11_0.14_0.11_0.15_0.08_0.12_0.11_0.08_0.09_0.16_0.10_0.08_0.06_0.10_0.17_0.15_0.17_0.09_0.08_0.07_0.11_0.10_0.09_0.08_0.08_0.09_0.11_0.09_0.22_0.09_0.12_0.16_0.22_0.15_0.10_0.12_0.14_0.09_0.13_0.22_0.09_0.11_0.15_0.21_0.07_0.09_0.08_0.13_0.17_0.21_0.09_0.15_0.08_0.09_0.16_0.08_0.07_0.16_0.14_0.11_0.18_0.09_0.13_0.14_0.12_0.14_0.11_0.10_0.08_0.12_0.11_0.24_0.17_0.12_0.09_0.09_0.17_0.11_0.12_0.17_0.10_0.07_0.07_0.23_0.10_0.13_0.17_0.07_0.11_0.10_0.13
0009_wikipedia_tokenized.json,4,1,1.0,200,True,59.66113209724426,26_12_5_11_5_7_7_7_38_12_8_7_5_17_7_9_7_6_5_11_23_9_5_8_7_7_9_5_7_13_6_16_5_6_12_17_6_6_7_7_8_5_7_10_19_5_9_9_5_6_3_9_8_10_6_10_8_9_6_7_4_5_9_10_5_9_7_14_8_20_8_17_6_7_7_9_10_10_4_7_7_6_24_13_6_13_14_9_4_38_4_7_5_7_8_6_4_6_13_6_9_28_35_10_8_10_7_6_6_9_12_6_5_15_7_16_15_5_6_9_8_12_5_4_16_11_7_6_6_13_6_6_22_10_7_12_11_7_5_7_9_5_9_6_7_19_5_30_5_5_12_7_15_6_4_5_9_5_6_5_10_5_7_7_7_4_6_4_5_6_15_62_16_5_11_9_6_7_13_7_8_4_5_7_12_9_6_7_4_6_9_7_4_8_7_4_9_5_9_17,0.41_0.20_0.09_0.18_0.09_0.11_0.11_0.12_0.64_0.20_0.14_0.12_0.08_0.28_0.12_0.16_0.12_0.11_0.09_0.18_0.38_0.15_0.09_0.13_0.13_0.11_0.15_0.09_0.11_0.22_0.10_0.27_0.09_0.10_0.21_0.27_0.11_0.10_0.12_0.12_0.13_0.08_0.13_0.17_0.33_0.09_0.16_0.15_0.09_0.11_0.05_0.15_0.14_0.17_0.11_0.16_0.13_0.16_0.11_0.13_0.07_0.09_0.16_0.16_0.09_0.16_0.12_0.25_0.14_0.35_0.14_0.30_0.11_0.13_0.12_0.16_0.18_0.17_0.08_0.12_0.12_0.11_0.39_0.22_0.11_0.23_0.24_0.16_0.07_0.64_0.08_0.12_0.09_0.13_0.14_0.11_0.07_0.10_0.22_0.11_0.15_0.47_0.59_0.18_0.13_0.17_0.13_0.10_0.11_0.15_0.20_0.11_0.09_0.26_0.11_0.27_0.24_0.09_0.11_0.15_0.15_0.19_0.09_0.07_0.27_0.19_0.12_0.11_0.11_0.22_0.11_0.10_0.38_0.17_0.13_0.20_0.19_0.12_0.09_0.13_0.15_0.09_0.16_0.11_0.12_0.32_0.09_0.49_0.09_0.09_0.21_0.12_0.25_0.11_0.07_0.09_0.16_0.09_0.11_0.09_0.17_0.09_0.12_0.12_0.13_0.07_0.10_0.08_0.09_0.10_0.25_1.03_0.27_0.09_0.18_0.16_0.11_0.12_0.23_0.12_0.14_0.08_0.09_0.13_0.20_0.16_0.11_0.12_0.08_0.11_0.15_0.13_0.07_0.13_0.13_0.07_0.16_0.10_0.16_0.29
0009_wikipedia_tokenized.json,5,1,1.0,200,True,57.68175673484802,34_7_5_14_6_8_11_5_16_7_4_7_17_16_8_4_5_7_5_9_7_10_5_5_9_5_7_4_6_13_8_6_8_5_5_5_9_13_6_60_6_8_7_4_5_13_16_7_9_10_7_13_5_4_5_8_10_7_8_4_11_4_10_7_10_6_7_5_13_6_9_6_7_6_7_5_6_17_8_6_6_16_7_13_4_9_8_7_8_7_5_6_18_7_13_13_4_4_8_5_8_5_6_7_15_9_4_5_10_9_6_6_10_5_4_6_4_7_5_6_16_10_8_6_8_5_8_6_6_5_5_5_20_16_6_6_4_6_11_24_16_7_9_8_7_10_8_7_7_8_5_15_7_28_7_14_13_13_14_5_17_7_7_6_6_9_9_7_11_5_11_12_8_3_50_5_7_12_6_4_5_12_7_6_10_9_5_11_6_6_5_6_11_9_10_5_7_5_5_7,0.53_0.11_0.08_0.23_0.10_0.14_0.18_0.08_0.26_0.11_0.07_0.11_0.29_0.26_0.15_0.06_0.08_0.12_0.08_0.15_0.12_0.17_0.09_0.09_0.15_0.09_0.11_0.07_0.11_0.21_0.14_0.11_0.14_0.09_0.08_0.09_0.16_0.22_0.11_0.98_0.11_0.13_0.12_0.07_0.08_0.21_0.26_0.12_0.16_0.17_0.13_0.21_0.09_0.08_0.09_0.14_0.16_0.12_0.15_0.07_0.19_0.07_0.17_0.13_0.16_0.11_0.12_0.09_0.23_0.10_0.16_0.11_0.12_0.11_0.12_0.09_0.11_0.28_0.15_0.10_0.10_0.27_0.12_0.23_0.07_0.17_0.13_0.12_0.15_0.12_0.09_0.11_0.30_0.13_0.22_0.22_0.07_0.08_0.14_0.09_0.15_0.08_0.10_0.13_0.25_0.16_0.07_0.09_0.18_0.15_0.11_0.10_0.17_0.09_0.07_0.10_0.07_0.11_0.09_0.11_0.26_0.18_0.14_0.11_0.14_0.09_0.15_0.10_0.10_0.09_0.08_0.09_0.33_0.27_0.10_0.10_0.08_0.10_0.19_0.39_0.28_0.12_0.18_0.13_0.12_0.17_0.14_0.13_0.12_0.14_0.09_0.25_0.13_0.47_0.12_0.24_0.21_0.23_0.23_0.09_0.28_0.12_0.12_0.10_0.11_0.15_0.15_0.13_0.19_0.10_0.18_0.21_0.13_0.06_0.84_0.08_0.12_0.21_0.11_0.08_0.09_0.20_0.13_0.10_0.18_0.15_0.09_0.20_0.10_0.11_0.09_0.11_0.20_0.14_0.17_0.09_0.12_0.10_0.09_0.12
0009_wikipedia_tokenized.json,6,1,1.0,200,True,61.109562158584595,27_10_15_5_6_5_10_15_7_12_11_7_17_9_8_6_21_5_7_7_7_7_7_7_7_6_5_6_4_5_7_6_5_6_7_20_6_6_11_5_36_6_6_13_9_13_8_9_7_7_14_8_23_4_11_6_6_6_10_8_5_5_9_8_5_5_7_10_6_7_10_6_9_7_8_3_8_7_8_4_5_8_16_24_5_9_7_11_12_11_6_14_7_16_5_7_60_5_10_7_28_8_4_8_9_7_8_6_7_48_5_7_12_15_5_12_6_5_9_6_6_12_10_6_6_9_8_4_6_4_6_18_6_4_9_5_10_5_5_12_28_9_6_5_9_5_7_7_10_4_58_4_6_6_15_9_7_6_13_8_9_9_9_10_11_11_8_8_8_5_11_5_6_5_8_8_5_5_58_5_9_7_15_5_6_6_25_6_6_6_6_16_3_9_71_12_6_5_7_5,0.43_0.16_0.26_0.08_0.11_0.09_0.16_0.26_0.12_0.21_0.18_0.12_0.28_0.15_0.13_0.10_0.35_0.08_0.12_0.11_0.11_0.12_0.12_0.12_0.12_0.10_0.09_0.10_0.07_0.09_0.12_0.10_0.09_0.10_0.12_0.34_0.10_0.11_0.17_0.08_0.58_0.11_0.10_0.23_0.15_0.22_0.13_0.15_0.12_0.12_0.25_0.13_0.39_0.07_0.20_0.10_0.10_0.11_0.17_0.14_0.09_0.09_0.17_0.13_0.09_0.10_0.12_0.17_0.10_0.12_0.18_0.10_0.16_0.12_0.14_0.06_0.13_0.12_0.15_0.07_0.09_0.15_0.27_0.40_0.10_0.15_0.12_0.20_0.20_0.20_0.10_0.25_0.12_0.27_0.08_0.12_0.98_0.09_0.18_0.12_0.47_0.13_0.07_0.14_0.16_0.12_0.14_0.11_0.12_0.79_0.09_0.12_0.21_0.24_0.09_0.20_0.10_0.09_0.15_0.11_0.11_0.20_0.18_0.10_0.10_0.15_0.14_0.08_0.10_0.07_0.11_0.29_0.11_0.07_0.15_0.09_0.17_0.08_0.09_0.20_0.47_0.16_0.10_0.09_0.16_0.09_0.12_0.13_0.17_0.08_0.96_0.08_0.11_0.10_0.27_0.15_0.13_0.10_0.21_0.14_0.15_0.16_0.15_0.17_0.18_0.19_0.14_0.14_0.14_0.08_0.19_0.09_0.11_0.09_0.14_0.14_0.09_0.08_0.96_0.08_0.15_0.13_0.25_0.09_0.10_0.10_0.42_0.11_0.10_0.10_0.11_0.26_0.06_0.15_1.17_0.20_0.11_0.08_0.12_0.09
0009_wikipedia_tokenized.json,7,1,1.0,200,True,58.916653871536255,28_8_62_6_8_7_12_8_12_13_5_5_11_14_18_6_14_4_5_21_7_7_5_12_9_5_5_8_7_5_6_5_11_9_8_6_10_6_8_6_9_9_6_12_5_8_9_8_5_11_7_7_22_5_5_11_7_6_9_5_6_7_7_9_6_7_16_3_12_9_7_5_7_5_9_6_10_5_9_7_15_8_18_5_8_19_6_16_4_6_6_8_18_15_7_33_18_5_4_9_5_5_7_7_6_7_6_6_13_9_13_5_6_6_7_26_18_8_6_12_7_9_4_4_8_10_4_6_5_5_5_5_12_6_9_10_10_7_11_7_9_6_7_5_7_21_12_7_7_5_7_5_5_4_4_7_4_6_11_5_9_16_49_8_23_8_6_8_10_11_12_10_9_8_13_8_13_5_11_7_6_10_6_6_12_5_5_7_10_17_7_6_9_10_8_7_8_8_7_7,0.42_0.14_1.00_0.10_0.13_0.12_0.19_0.13_0.20_0.21_0.09_0.08_0.18_0.23_0.31_0.10_0.23_0.07_0.08_0.36_0.12_0.12_0.08_0.19_0.15_0.08_0.08_0.14_0.12_0.10_0.09_0.09_0.19_0.15_0.14_0.10_0.16_0.11_0.13_0.10_0.15_0.15_0.11_0.19_0.09_0.14_0.15_0.15_0.08_0.18_0.12_0.12_0.38_0.09_0.09_0.18_0.12_0.11_0.15_0.10_0.10_0.12_0.13_0.15_0.10_0.13_0.26_0.06_0.20_0.17_0.12_0.09_0.13_0.09_0.16_0.11_0.17_0.10_0.15_0.12_0.25_0.13_0.30_0.09_0.14_0.31_0.11_0.26_0.07_0.10_0.10_0.14_0.30_0.25_0.11_0.54_0.29_0.08_0.08_0.15_0.09_0.09_0.12_0.13_0.10_0.12_0.11_0.10_0.22_0.16_0.22_0.09_0.10_0.10_0.12_0.44_0.30_0.14_0.10_0.21_0.11_0.15_0.07_0.07_0.13_0.17_0.07_0.11_0.09_0.09_0.09_0.09_0.20_0.11_0.15_0.17_0.16_0.12_0.20_0.12_0.17_0.10_0.12_0.09_0.12_0.37_0.20_0.13_0.11_0.09_0.13_0.09_0.09_0.08_0.07_0.12_0.07_0.10_0.19_0.09_0.15_0.27_0.80_0.14_0.37_0.14_0.10_0.15_0.16_0.19_0.20_0.17_0.15_0.14_0.23_0.14_0.24_0.09_0.19_0.12_0.11_0.18_0.10_0.10_0.21_0.09_0.09_0.11_0.17_0.28_0.12_0.11_0.15_0.18_0.13_0.12_0.14_0.14_0.13_0.11
0009_wikipedia_tokenized.json,8,1,1.0,200,True,57.74527382850647,28_18_8_5_5_6_7_10_18_20_9_7_16_6_10_7_22_7_9_20_11_4_8_6_6_5_5_14_11_5_6_8_6_7_17_6_6_18_6_12_5_10_19_4_9_7_12_6_6_6_9_17_35_7_4_17_20_8_6_6_4_7_7_15_6_5_6_12_21_6_7_24_16_11_10_6_5_15_13_5_10_9_7_7_7_10_12_7_5_6_9_7_10_9_5_5_14_10_6_5_11_10_28_6_5_12_6_6_5_9_6_6_6_14_7_7_8_13_9_9_5_6_4_10_17_5_6_7_6_5_6_5_19_8_5_6_5_11_10_5_9_8_7_5_6_7_8_8_7_6_5_7_5_4_6_8_7_5_7_5_14_8_6_5_4_34_7_12_8_4_7_10_9_5_6_15_7_8_8_5_7_5_6_8_9_5_6_5_6_6_5_6_5_12_10_8_9_4_9_5,0.44_0.29_0.14_0.08_0.08_0.11_0.11_0.16_0.29_0.35_0.15_0.13_0.26_0.11_0.16_0.12_0.36_0.11_0.15_0.33_0.18_0.07_0.14_0.10_0.10_0.09_0.08_0.24_0.17_0.08_0.11_0.13_0.10_0.12_0.27_0.11_0.10_0.31_0.10_0.20_0.08_0.16_0.31_0.07_0.16_0.12_0.21_0.10_0.10_0.11_0.15_0.30_0.58_0.12_0.07_0.28_0.34_0.14_0.11_0.11_0.07_0.12_0.12_0.25_0.11_0.09_0.10_0.20_0.36_0.10_0.12_0.40_0.28_0.19_0.18_0.10_0.09_0.25_0.22_0.09_0.17_0.16_0.12_0.12_0.12_0.17_0.21_0.12_0.10_0.10_0.15_0.13_0.17_0.16_0.09_0.09_0.25_0.17_0.11_0.09_0.18_0.18_0.47_0.10_0.09_0.21_0.10_0.11_0.09_0.15_0.11_0.10_0.10_0.24_0.12_0.13_0.13_0.22_0.15_0.15_0.09_0.10_0.07_0.18_0.28_0.09_0.10_0.12_0.11_0.09_0.11_0.09_0.32_0.14_0.09_0.11_0.08_0.18_0.18_0.09_0.17_0.13_0.12_0.09_0.10_0.12_0.14_0.14_0.13_0.10_0.09_0.13_0.09_0.07_0.11_0.13_0.12_0.09_0.12_0.09_0.23_0.14_0.11_0.09_0.07_0.55_0.12_0.20_0.14_0.07_0.12_0.17_0.15_0.09_0.10_0.26_0.11_0.14_0.15_0.09_0.13_0.09_0.10_0.14_0.15_0.09_0.11_0.09_0.10_0.11_0.09_0.10_0.09_0.20_0.18_0.13_0.16_0.07_0.15_0.10
0010_random-0010_random.json,0,1,1.0,20,True,5.203173875808716,24_7_4_6_6_6_8_6_13_6_7_5_5_5_8_5_9_5_5_6,0.37_0.11_0.07_0.11_0.10_0.10_0.14_0.10_0.22_0.10_0.12_0.09_0.08_0.08_0.14_0.08_0.15_0.09_0.08_0.10
0011_random-0011_random.json,0,1,1.0,40,True,9.939740657806396,20_6_6_5_5_5_6_7_5_7_5_8_5_9_7_7_7_5_5_5_7_5_5_6_8_6_6_10_10_7_5_8_6_7_5_6_5_5_5_6,0.30_0.10_0.09_0.08_0.09_0.08_0.10_0.12_0.08_0.11_0.09_0.13_0.09_0.15_0.12_0.13_0.11_0.08_0.09_0.08_0.12_0.09_0.08_0.10_0.14_0.10_0.10_0.17_0.17_0.12_0.08_0.13_0.11_0.12_0.09_0.11_0.09_0.08_0.09_0.10
0012_random-0012_random.json,0,1,1.0,60,True,15.18151307106018,28_14_6_6_6_7_5_7_5_10_5_11_7_6_8_8_6_6_9_8_6_6_4_4_5_8_7_6_7_8_5_6_5_7_6_5_4_8_7_5_6_6_6_11_5_7_5_6_5_8_4_6_7_5_4_6_8_6_5_8,0.42_0.22_0.09_0.10_0.10_0.11_0.09_0.11_0.08_0.17_0.08_0.19_0.11_0.10_0.14_0.13_0.10_0.10_0.15_0.14_0.10_0.10_0.07_0.06_0.08_0.14_0.11_0.10_0.13_0.13_0.09_0.10_0.09_0.12_0.10_0.09_0.08_0.14_0.12_0.09_0.10_0.10_0.11_0.18_0.08_0.12_0.09_0.10_0.09_0.14_0.07_0.11_0.12_0.10_0.07_0.10_0.14_0.10_0.09_0.15
0013_random-0013_random.json,0,1,1.0,80,True,20.265254259109497,34_5_5_7_8_5_6_10_7_10_5_8_7_8_6_6_6_4_6_5_8_6_6_8_8_6_6_5_5_6_6_6_7_5_9_7_5_5_10_7_7_8_7_6_4_8_6_5_11_7_4_9_7_7_6_6_5_8_6_4_7_5_5_6_5_6_4_6_7_8_6_5_5_6_10_6_8_4_7_5,0.52_0.09_0.08_0.11_0.14_0.08_0.10_0.17_0.12_0.18_0.08_0.13_0.12_0.13_0.10_0.11_0.10_0.07_0.10_0.08_0.13_0.11_0.10_0.14_0.13_0.10_0.11_0.08_0.08_0.11_0.10_0.10_0.12_0.08_0.15_0.12_0.09_0.09_0.17_0.12_0.13_0.13_0.12_0.11_0.07_0.14_0.10_0.09_0.20_0.11_0.07_0.16_0.12_0.12_0.11_0.10_0.10_0.14_0.10_0.08_0.12_0.09_0.10_0.10_0.09_0.11_0.07_0.11_0.13_0.14_0.10_0.09_0.09_0.11_0.17_0.11_0.15_0.07_0.12_0.10
0014_random-0014_random.json,0,1,1.0,100,True,25.464693307876587,22_9_5_5_10_6_5_6_5_6_8_7_9_4_7_7_6_5_6_6_6_9_6_5_5_9_5_6_5_5_8_7_6_6_8_4_6_10_6_7_7_6_5_6_6_6_11_7_10_11_4_5_6_5_5_9_6_9_5_10_7_11_7_6_7_5_10_6_9_7_4_7_10_5_9_5_11_8_6_5_6_14_6_4_8_8_6_5_11_6_7_6_6_6_5_5_6_4_6_4,0.33_0.15_0.08_0.08_0.18_0.10_0.08_0.11_0.08_0.10_0.14_0.12_0.16_0.06_0.12_0.13_0.09_0.08_0.11_0.10_0.10_0.16_0.10_0.08_0.09_0.15_0.09_0.11_0.09_0.09_0.14_0.12_0.11_0.10_0.13_0.07_0.10_0.16_0.11_0.12_0.13_0.10_0.09_0.11_0.11_0.10_0.20_0.12_0.17_0.18_0.07_0.09_0.10_0.09_0.09_0.15_0.10_0.16_0.09_0.17_0.12_0.18_0.13_0.11_0.13_0.09_0.17_0.11_0.15_0.12_0.08_0.12_0.18_0.08_0.15_0.09_0.18_0.15_0.10_0.09_0.11_0.23_0.12_0.07_0.14_0.15_0.10_0.09_0.20_0.10_0.12_0.11_0.11_0.11_0.09_0.09_0.11_0.08_0.11_0.08
0015_random-0015_random.json,0,1,1.0,120,True,30.30736541748047,34_7_5_5_7_8_7_6_8_9_4_5_6_4_6_8_6_5_6_5_8_9_5_6_5_5_7_8_6_6_5_9_7_4_5_3_4_8_6_6_5_8_9_8_6_6_7_6_5_5_9_7_6_7_5_8_7_5_5_6_5_5_7_5_12_6_6_7_5_10_10_4_6_7_10_6_8_7_6_5_6_11_5_9_6_11_10_6_6_6_5_7_6_6_7_7_5_5_5_4_5_7_8_4_11_6_5_4_5_6_7_5_8_5_15_6_7_5_5_9,0.52_0.11_0.08_0.09_0.12_0.13_0.12_0.10_0.13_0.16_0.07_0.08_0.11_0.07_0.10_0.14_0.10_0.09_0.11_0.08_0.13_0.15_0.09_0.11_0.08_0.08_0.13_0.13_0.10_0.11_0.08_0.15_0.12_0.07_0.08_0.05_0.07_0.13_0.11_0.10_0.08_0.14_0.15_0.15_0.10_0.10_0.13_0.10_0.09_0.09_0.15_0.13_0.11_0.12_0.10_0.13_0.12_0.09_0.08_0.10_0.09_0.08_0.12_0.09_0.20_0.11_0.10_0.12_0.09_0.16_0.17_0.08_0.11_0.13_0.16_0.11_0.15_0.12_0.11_0.09_0.11_0.20_0.08_0.15_0.11_0.19_0.18_0.10_0.10_0.11_0.09_0.12_0.11_0.10_0.13_0.12_0.09_0.10_0.09_0.07_0.09_0.12_0.14_0.08_0.18_0.10_0.09_0.07_0.09_0.11_0.12_0.08_0.14_0.09_0.26_0.10_0.12_0.09_0.09_0.15
0016_random-0016_random.json,0,1,1.0,140,True,35.37442326545715,28_15_7_5_5_5_5_6_5_6_5_10_9_4_8_6_7_7_7_8_7_23_4_10_7_9_5_6_6_8_6_9_4_6_4_5_5_6_6_5_7_16_6_6_7_5_7_6_7_6_7_7_6_7_6_6_5_4_5_6_7_5_6_5_8_6_9_6_6_6_6_10_5_7_10_5_10_4_6_7_8_5_9_6_8_9_6_8_6_5_5_7_7_7_6_4_4_5_6_7_9_6_6_10_6_9_5_7_7_7_6_7_6_6_6_6_5_4_7_5_5_6_6_9_5_4_10_5_4_4_5_4_7_5_5_8_5_9_5_7,0.43_0.24_0.12_0.09_0.08_0.08_0.09_0.10_0.09_0.11_0.08_0.17_0.15_0.07_0.14_0.10_0.12_0.12_0.11_0.14_0.12_0.38_0.07_0.17_0.12_0.15_0.08_0.11_0.10_0.14_0.10_0.15_0.07_0.10_0.07_0.09_0.08_0.10_0.11_0.09_0.12_0.27_0.10_0.11_0.12_0.09_0.13_0.10_0.12_0.11_0.12_0.12_0.11_0.12_0.11_0.11_0.09_0.08_0.09_0.11_0.13_0.09_0.11_0.10_0.13_0.11_0.16_0.10_0.10_0.11_0.11_0.18_0.09_0.12_0.18_0.09_0.17_0.08_0.11_0.13_0.13_0.09_0.17_0.11_0.14_0.15_0.10_0.16_0.10_0.09_0.09_0.12_0.12_0.13_0.11_0.07_0.07_0.09_0.10_0.13_0.15_0.11_0.10_0.17_0.11_0.15_0.10_0.12_0.12_0.13_0.10_0.12_0.11_0.10_0.10_0.11_0.09_0.07_0.13_0.09_0.08_0.11_0.10_0.16_0.09_0.07_0.17_0.08_0.07_0.08_0.09_0.07_0.12_0.09_0.09_0.14_0.09_0.15_0.09_0.11
0017_random-0017_random.json,0,1,1.0,160,True,40.87105941772461,22_6_5_8_5_5_12_8_7_5_6_13_6_12_6_5_6_7_5_5_7_8_5_11_4_9_9_5_6_8_6_6_7_8_5_9_10_6_9_7_6_5_15_10_8_4_10_5_6_9_5_6_5_5_5_11_8_5_8_7_7_7_6_5_7_6_11_7_5_8_5_8_7_7_6_7_7_5_10_6_5_10_8_8_5_8_6_8_6_5_6_5_5_6_4_6_6_6_6_7_12_6_16_5_5_10_6_6_7_8_7_5_7_7_4_6_6_5_6_6_5_6_6_5_8_4_7_5_6_6_7_4_5_9_5_4_6_5_7_10_8_6_5_8_10_6_4_6_10_7_4_5_5_10_6_5_4_7_8_6,0.34_0.10_0.09_0.13_0.09_0.09_0.20_0.14_0.11_0.08_0.11_0.21_0.11_0.19_0.10_0.09_0.10_0.12_0.09_0.08_0.11_0.14_0.09_0.19_0.06_0.15_0.16_0.09_0.10_0.14_0.10_0.11_0.12_0.13_0.09_0.14_0.16_0.11_0.15_0.13_0.10_0.09_0.27_0.17_0.14_0.07_0.16_0.09_0.10_0.15_0.09_0.10_0.09_0.09_0.09_0.20_0.13_0.09_0.14_0.12_0.12_0.12_0.11_0.10_0.12_0.11_0.20_0.12_0.09_0.14_0.09_0.15_0.11_0.12_0.11_0.12_0.12_0.10_0.17_0.12_0.09_0.17_0.15_0.14_0.10_0.14_0.10_0.14_0.10_0.09_0.11_0.09_0.08_0.11_0.07_0.10_0.11_0.10_0.10_0.13_0.20_0.11_0.26_0.09_0.08_0.17_0.11_0.10_0.12_0.14_0.12_0.10_0.12_0.12_0.08_0.10_0.10_0.09_0.10_0.10_0.09_0.10_0.10_0.09_0.13_0.07_0.13_0.09_0.10_0.11_0.12_0.08_0.09_0.15_0.10_0.08_0.11_0.10_0.12_0.17_0.15_0.10_0.09_0.14_0.17_0.11_0.07_0.11_0.18_0.12_0.07_0.09_0.09_0.18_0.10_0.09_0.08_0.12_0.14_0.11
0018_random-0018_random.json,0,1,1.0,180,True,46.85924172401428,75_9_5_5_5_5_4_5_5_5_13_6_3_8_7_6_7_5_5_13_7_5_7_5_6_7_7_6_9_5_7_9_5_7_5_5_9_5_5_6_5_6_5_6_5_8_7_4_4_7_7_9_10_7_6_5_5_6_11_9_10_8_7_5_12_6_8_9_5_8_9_16_5_9_5_4_7_4_9_5_6_8_15_6_8_12_5_13_6_5_10_9_6_6_6_12_5_5_6_10_5_9_6_7_12_9_6_5_5_7_6_8_6_9_5_6_6_5_5_4_4_6_5_6_4_4_6_6_5_10_5_5_8_5_6_23_12_5_6_7_6_5_6_7_5_5_5_6_4_5_6_6_5_6_8_4_8_6_6_6_5_4_7_5_7_6_5_6_5_4_5_5_8_5_11_5_5_7_8_5,1.17_0.16_0.08_0.08_0.10_0.08_0.07_0.09_0.09_0.09_0.22_0.09_0.05_0.14_0.11_0.10_0.12_0.08_0.08_0.21_0.12_0.09_0.11_0.08_0.11_0.11_0.11_0.10_0.15_0.09_0.12_0.15_0.09_0.11_0.08_0.09_0.15_0.08_0.09_0.10_0.08_0.11_0.09_0.10_0.09_0.14_0.13_0.07_0.07_0.12_0.12_0.15_0.18_0.12_0.10_0.09_0.09_0.11_0.18_0.16_0.17_0.14_0.12_0.10_0.20_0.10_0.15_0.15_0.10_0.13_0.15_0.27_0.09_0.16_0.09_0.07_0.13_0.07_0.16_0.09_0.11_0.15_0.25_0.11_0.14_0.20_0.09_0.22_0.11_0.08_0.17_0.16_0.10_0.11_0.10_0.20_0.09_0.09_0.10_0.17_0.09_0.17_0.10_0.12_0.21_0.15_0.11_0.08_0.09_0.13_0.10_0.13_0.11_0.15_0.09_0.10_0.10_0.09_0.09_0.07_0.08_0.11_0.09_0.11_0.08_0.07_0.10_0.11_0.09_0.17_0.09_0.09_0.15_0.08_0.10_0.38_0.21_0.08_0.10_0.13_0.10_0.09_0.11_0.12_0.09_0.09_0.09_0.10_0.07_0.09_0.10_0.11_0.09_0.11_0.14_0.07_0.14_0.10_0.11_0.11_0.08_0.07_0.13_0.08_0.12_0.11_0.09_0.10_0.09_0.07_0.09_0.09_0.14_0.09_0.19_0.09_0.10_0.11_0.14_0.10
0019_random-0019_random.json,0,1,1.0,200,True,50.5643527507782,38_4_6_4_4_13_10_6_6_7_5_5_9_6_5_4_5_6_7_8_9_6_8_4_6_5_8_5_5_4_7_6_10_4_8_5_6_8_6_5_6_7_6_8_5_5_5_6_8_6_5_8_5_6_5_7_5_8_9_6_5_5_5_5_5_6_6_9_5_6_6_6_5_7_8_6_6_5_8_6_6_5_5_13_10_7_5_7_6_8_6_6_9_6_6_7_6_7_6_4_8_6_5_5_9_9_5_6_6_6_5_6_14_12_10_5_5_4_4_11_5_5_7_4_13_6_7_5_11_5_7_6_5_5_6_6_5_7_5_8_5_9_7_9_6_7_12_6_7_9_10_5_6_4_5_5_6_8_6_4_7_5_10_5_7_10_4_6_7_5_8_5_4_5_6_6_8_5_12_6_8_4_6_5_6_5_6_7_7_5_8_5_3_5_5_5_6_8_6_6,0.59_0.06_0.10_0.07_0.07_0.21_0.17_0.10_0.10_0.12_0.08_0.09_0.15_0.10_0.09_0.07_0.08_0.11_0.12_0.13_0.16_0.10_0.13_0.07_0.10_0.08_0.14_0.08_0.08_0.07_0.12_0.10_0.17_0.07_0.14_0.08_0.10_0.15_0.10_0.08_0.11_0.12_0.10_0.14_0.09_0.09_0.09_0.10_0.14_0.11_0.09_0.15_0.08_0.10_0.09_0.11_0.09_0.15_0.15_0.11_0.09_0.09_0.09_0.09_0.09_0.10_0.11_0.16_0.10_0.10_0.11_0.11_0.09_0.12_0.14_0.11_0.11_0.09_0.14_0.12_0.10_0.09_0.10_0.22_0.19_0.11_0.09_0.13_0.10_0.14_0.11_0.10_0.16_0.10_0.10_0.13_0.10_0.12_0.11_0.07_0.14_0.11_0.09_0.09_0.15_0.15_0.09_0.10_0.10_0.11_0.09_0.10_0.23_0.20_0.17_0.09_0.09_0.07_0.07_0.20_0.08_0.09_0.13_0.07_0.22_0.11_0.12_0.09_0.18_0.09_0.13_0.10_0.09_0.09_0.10_0.10_0.09_0.12_0.10_0.14_0.09_0.17_0.11_0.15_0.11_0.12_0.21_0.10_0.12_0.16_0.17_0.09_0.10_0.07_0.09_0.08_0.11_0.15_0.10_0.07_0.13_0.09_0.17_0.09_0.12_0.18_0.07_0.10_0.13_0.09_0.14_0.09_0.07_0.08_0.11_0.11_0.15_0.09_0.20_0.11_0.14_0.08_0.11_0.09_0.11_0.10_0.11_0.13_0.12_0.09_0.15_0.08_0.06_0.10_0.08_0.09_0.12_0.13_0.10_0.11
